ID,SKU,Nombre,Precio,Stock
1,53E61C0A0722,"Buzo con capucha 626",127244,
2,38FAAC33DE66,"Toallas premium 877",63589,
3,E4B634844CB1,"Estante flotante 991",46987,
4,15E10BB9F2C7,"Proteína whey 730",137322,
5,7548DF6F8A59,"Short deportivo 350",131732,
6,8D168D5FD4C5,"Gorra de béisbol 263",55831,
7,11BE59150770,"Bufanda de lana 996",57296,
8,02FF8E13744E,"Microondas digital 392",118507,
9,8CB214DBF6C1,"Aire acondicionado 618",120991,
10,0719CF427179,"Cinturón de cuero 727",125679,
11,B0E62D779E17,"Gorra de béisbol 930",72095,
12,D42AC37973AF,"Celular Android 565",94313,
13,94AC90B663B7,"Plancha de vapor 945",50698,
14,AFEC2C9C4C42,"Short deportivo 685",81211,
15,EAA1E16529B5,"Heladera No Frost 364",44153,
16,49ED4E8B5FD7,"Smartwatch 970",33714,
17,BF5ABC302DDC,"Power Bank 20000mAh 688",114328,
18,37C2FCC470BF,"Colchón memory foam 166",105407,
19,5213A1933B45,"Shampoo natural 557",142481,
20,8CF406A28094,"Celular Android 809",124873,
21,94C7A1B6DF59,"Campera de abrigo 933",40098,
22,266CCA6F0020,"Zapatillas urbanas 533",10505,
23,B7E322D4703C,"Silla gamer 859",82729,
24,3308FD83DAEC,"Mochila urbana 545",132808,
25,B7EBA4848EC8,"Smart TV 55"" 195",43394,
26,9FC70BEB946D,"Bicicleta estática 536",84068,
27,5A578BBB02A5,"Zapatillas urbanas 641",31421,
28,437361870E95,"Laptop 15"" 515",25698,
29,26898BD16AD1,"Estante flotante 755",147268,
30,E571A1659375,"Short deportivo 884",70841,
31,6BCDDE53AB56,"Celular Android 102",37765,
32,45026AC92CD1,"Kit de maquillaje 561",121170,
33,60A9A9FABA05,"Mancuernas ajustables 571",70860,
34,D23DBEB14E86,"Mouse inalámbrico 299",83556,
35,2ECB10884F5F,"Campera de abrigo 278",21123,
36,DD33FD1464BD,"Bicicleta estática 436",36826,
37,74104AEFA981,"Plancha de vapor 355",128619,
38,38AADF109ABA,"Power Bank 20000mAh 707",123129,
39,13652C1AA023,"Bufanda de lana 467",17399,
40,030C62B6BD7F,"Power Bank 20000mAh 826",13701,
41,3854DD658999,"Parlante portátil 332",26483,
42,5BA94BA0B39D,"Monitor Full HD 972",40416,
43,5872E0B5874F,"Auriculares Bluetooth 443",145476,
44,F0BF21C18357,"Auriculares Bluetooth 465",29253,
45,752F0A7A9E77,"Aire acondicionado 316",36866,
46,2464B269ADE5,"Lámpara LED 133",98968,
47,D649F489FC91,"Smartwatch 682",76395,
48,16EE08C8E46F,"Cámara digital 451",8837,
49,92F2FA392C5B,"Almohada viscoelástica 398",120283,
50,3C9516170CA9,"Mancuernas ajustables 277",31940,
51,B7C521A14DB2,"Mochila urbana 886",24013,
52,28D808386406,"Shampoo natural 956",72901,
53,85365256A94A,"Proteína whey 642",59211,
54,D10670169D6F,"Heladera No Frost 109",36059,
55,9C2B2E1A3AC5,"Short deportivo 660",35670,
56,501E8038D0A8,"Auriculares Bluetooth 689",141142,
57,EC054B8A46CC,"Remera básica 727",8771,
58,C30E92DBBC72,"Celular Android 698",39208,
59,680CF2443A67,"Kit de maquillaje 604",66355,
60,45C07A717397,"Remera básica 705",88963,
61,EDC0E7B7C2EF,"Lámpara LED 246",46156,
62,39905097A32D,"Plancha de vapor 328",13885,
63,632B00E81A22,"Kit de maquillaje 764",148640,
64,922D163D9AA0,"Auriculares Bluetooth 533",107527,
65,7D36AE3C3E06,"Laptop 15"" 198",121687,
66,230919AD7042,"Laptop 15"" 627",32377,
67,D9A1DE356E30,"Guantes de invierno 446",72758,
68,CAF5B6ED68B6,"Aspiradora robot 764",7795,
69,B3B257FBC085,"Estante flotante 757",32308,
70,7C6BE8486D1B,"Escritorio plegable 628",30272,
71,41ED68FEE640,"Aire acondicionado 667",52668,
72,010D4150BF50,"Campera de abrigo 662",121797,
73,3D4B031E78E4,"Campera de abrigo 837",15536,
74,F3BC023E8D4F,"Almohada viscoelástica 347",11600,
75,64E4FB7B2DFC,"Mochila urbana 597",29335,
76,3E8D3D0E507E,"Bicicleta estática 143",88972,
77,22B1AB91D797,"Colchón memory foam 165",74198,
78,78118B440EE9,"Aire acondicionado 376",70788,
79,D977A9ACBB18,"Cafetera automática 373",10072,
80,4B4B988436B1,"Short deportivo 909",118993,
81,A941B01E15AF,"Colchón memory foam 158",47977,
82,D65C3FE874B7,"Blazer casual 658",60903,
83,D197F8AB91C6,"Blazer casual 427",101400,
84,FA095DED111D,"Juego de sábanas 780",116631,
85,56A7C4E45035,"Cinturón de cuero 745",62252,
86,B9D936AD8B14,"Colchón memory foam 571",1562,
87,105E66E6DFEA,"Mouse inalámbrico 355",145941,
88,03EF4F2C306D,"Smart TV 55"" 443",143165,
89,E740CE9FEA05,"Estante flotante 909",88888,
90,3E855C970220,"Aspiradora robot 861",89219,
91,524031DC2B76,"Cinturón de cuero 627",97614,
92,40D3CCB26F99,"Jean elastizado 600",24160,
93,379A8CD213C5,"Laptop 15"" 850",91920,
94,DAF68F38F0F1,"Escritorio plegable 712",125160,
95,8D9630639C5D,"Monitor Full HD 293",63531,
96,0B2F8359D3B0,"Creatina monohidrato 879",100813,
97,EC106309183E,"Lavarropas automático 312",141421,
98,2C561AF7352C,"Silla gamer 483",23777,
99,89DDF00A33A5,"Monitor Full HD 972",131676,
100,072BB2E86652,"Crema hidratante 254",56437,
101,047DCC0973FC,"Plancha de vapor 894",10939,
102,54F3B57367B4,"Estante flotante 500",61905,
103,70CA3D421A04,"Lavarropas automático 126",133643,
104,E100F5263729,"Monitor Full HD 521",116834,
105,9EE2E7C3CB79,"Mouse inalámbrico 939",59366,
106,05A73F5C2A70,"Cafetera automática 493",134040,
107,B31C235DDE88,"Buzo con capucha 987",77232,
108,843ECCC948BC,"Tablet 10"" 524",91652,
109,95EF0A48A8F2,"Shampoo natural 196",141143,
110,C9BB78FE612D,"Celular Android 168",91437,
111,51BA53BB1AA5,"Camisa Oxford 772",66278,
112,9DC46452BEAD,"Monitor Full HD 441",141366,
113,8A5D2A5C9313,"Campera de abrigo 882",65027,
114,6458CA11E385,"Kit de maquillaje 342",48928,
115,E6C1DFCA0588,"Teclado mecánico 276",78200,
116,29DC35E03542,"Mancuernas ajustables 345",72071,
117,02433E1B4E44,"Almohada viscoelástica 622",64433,
118,B251F18F0B01,"Laptop 15"" 634",88028,
119,B9627B006E39,"Zapatillas urbanas 270",45636,
120,80AA1B2E9900,"Zapatillas urbanas 284",53589,
121,9E6CD4B0C906,"Escritorio plegable 739",47203,
122,919F76E983AE,"Pantalón slim 220",132051,
123,4A2D6CE6BD6A,"Medias térmicas 363",13727,
124,E40B8EF1BA8C,"Tablet 10"" 770",75995,
125,8F471016FABC,"Camisa Oxford 817",58363,
126,1E6F1A48DC20,"Teclado mecánico 269",28359,
127,D0B538C0D02E,"Almohada viscoelástica 992",54313,
128,04D42AACF379,"Toallas premium 403",63735,
129,39A543621252,"Power Bank 20000mAh 249",107600,
130,E19DB79EA488,"Mochila urbana 498",6913,
131,99073B10B51E,"Tablet 10"" 345",7272,
132,E09F390371D8,"Camisa Oxford 669",33100,
133,AD6B3899FB06,"Zapatillas urbanas 510",42036,
134,CD8DA45F85B2,"Remera básica 143",4566,
135,57365156B7E5,"Buzo con capucha 145",83402,
136,5FC4FC4B1964,"Mancuernas ajustables 745",83632,
137,A71CD5A3A834,"Escritorio plegable 276",2897,
138,0B6E2C6AB66A,"Mouse inalámbrico 639",93590,
139,1616DFFCFDEB,"Zapatillas urbanas 968",64773,
140,58C2165ABD36,"Bicicleta estática 676",72270,
141,5F4803C7BC53,"Vestido floral 119",68984,
142,267FC7220216,"Teclado mecánico 115",147438,
143,EACECBDF7299,"Aire acondicionado 557",142496,
144,F6CE3E472BAF,"Smartwatch 831",93670,
145,4A6533F8E800,"Aspiradora robot 765",102330,
146,613CDB8104CB,"Laptop 15"" 151",17466,
147,150B07E970B3,"Auriculares Bluetooth 354",113510,
148,375CF9F1219B,"Licuadora potente 793",49408,
149,97132C166D46,"Celular Android 494",27070,
150,942AD7D8DB2D,"Plancha de vapor 881",121945,
151,83A658AF5B6B,"Licuadora potente 248",114738,
152,9FF58AF50E36,"Buzo con capucha 501",66495,
153,D276E9B598D7,"Estante flotante 257",98051,
154,3AC62464F054,"Creatina monohidrato 845",94386,
155,C7068E5E273B,"Celular Android 985",39933,
156,3F645C2FB848,"Aire acondicionado 906",126155,
157,6551CE8B0A9A,"Teclado mecánico 189",136567,
158,87BB62DC5242,"Power Bank 20000mAh 890",86821,
159,817CF1F697F4,"Proteína whey 546",44043,
160,15C05D87FFDE,"Kit de maquillaje 849",67704,
161,331C9958643F,"Smartwatch 956",33440,
162,13FAD2971378,"Heladera No Frost 982",106251,
163,A721E8DB3381,"Teclado mecánico 821",84030,
164,4A9702AB6CF7,"Short deportivo 602",28472,
165,D226FB3B5D99,"Remera básica 928",16322,
166,4EE0ECB50E74,"Smartwatch 995",38252,
167,7C69F0C91A1F,"Mouse inalámbrico 934",121718,
168,6DC6F25982F5,"Proteína whey 600",98341,
169,CCFFB8F578E5,"Licuadora potente 551",5097,
170,942C4F896A3F,"Parlante portátil 743",124195,
171,2D26EB126A2C,"Licuadora potente 962",112931,
172,82F68FB2AFA8,"Cafetera automática 325",14479,
173,3FC9F3C6804E,"Teclado mecánico 116",114408,
174,F42BBEBB85C7,"Silla gamer 370",91318,
175,F5D4CB222C31,"Medias térmicas 622",91548,
176,811EF99D7CC5,"Crema hidratante 592",9699,
177,E0CF4737C712,"Auriculares Bluetooth 621",138152,
178,AC3029EF41AB,"Silla gamer 829",145467,
179,FCB3F254C9A9,"Buzo con capucha 965",91562,
180,CB8E1A1C1046,"Remera básica 365",114780,
181,90EADF777988,"Teclado mecánico 164",126593,
182,3385ADF19B01,"Proteína whey 178",141851,
183,390BB948E475,"Tablet 10"" 746",57470,
184,0FAC6489CE96,"Bufanda de lana 271",122353,
185,7C1AED2BB930,"Silla gamer 924",147380,
186,AE2E7F18791F,"Silla gamer 217",8506,
187,088A3701092B,"Bicicleta estática 437",42947,
188,3E64341EF321,"Plancha de vapor 380",98743,
189,FFB63A6DF6C0,"Mouse inalámbrico 995",38649,
190,533B17605D14,"Pantalón slim 869",57606,
191,B4C3FF50B721,"Creatina monohidrato 891",65953,
192,7E5F19BDE935,"Cinturón de cuero 765",9817,
193,1B87444D40C6,"Jean elastizado 439",116060,
194,C775FBCE3827,"Lámpara LED 247",24948,
195,B7CEB889964E,"Licuadora potente 939",61854,
196,35E7860CBBEB,"Bufanda de lana 567",140425,
197,D0BFE2B711D5,"Buzo con capucha 497",62390,
198,B3C20A63DDBB,"Short deportivo 136",41389,
199,E851984347A4,"Cafetera automática 215",45081,
200,0FC7B95B3BFC,"Blazer casual 937",9965,
201,07A21D59063D,"Mochila urbana 721",102153,
202,FFEBADB80970,"Kit de maquillaje 140",19671,
203,F75D3C86DFA9,"Gorra de béisbol 183",27211,
204,EF07302727E1,"Campera de abrigo 399",125446,
205,40FAD675B32B,"Short deportivo 440",29098,
206,65FB67268FCC,"Cafetera automática 768",87049,
207,D61C164647DB,"Perfume importado 836",46204,
208,2F279169D1C3,"Power Bank 20000mAh 780",102186,
209,45ABCCD6DFFA,"Kit de maquillaje 526",123347,
210,26A96E2974A6,"Zapatillas urbanas 663",147883,
211,E56863806AF9,"Mouse inalámbrico 746",91884,
212,7BA0D91F2450,"Lavarropas automático 592",46688,
213,37AD23B268DD,"Toallas premium 624",92836,
214,CE2082E2F235,"Heladera No Frost 202",92799,
215,C57DDC9DB25B,"Lavarropas automático 702",25753,
216,D00946DC1B15,"Cafetera automática 518",34367,
217,ADE9A18831BB,"Remera básica 339",5721,
218,1B2502D19D18,"Celular Android 529",24614,
219,CBAE33671B5B,"Juego de sábanas 655",63256,
220,04C9CCA107D8,"Zapatillas urbanas 562",109131,
221,DEF07F6040ED,"Toallas premium 125",73815,
222,2B6E2826C1FC,"Medias térmicas 706",146283,
223,476A56B7AE15,"Camisa Oxford 936",28279,
224,8AEF03CF6EE5,"Smart TV 55"" 253",40053,
225,2EF1227EDFF6,"Crema hidratante 636",50122,
226,03CD8D37E516,"Auriculares Bluetooth 120",82542,
227,59B5F4A70FEE,"Silla gamer 646",134874,
228,C7EDBBA0A85F,"Short deportivo 356",116992,
229,9280A074AF36,"Aire acondicionado 589",51265,
230,2983FE372790,"Power Bank 20000mAh 352",60727,
231,B92D83E463FA,"Creatina monohidrato 630",140572,
232,FE3D7A971C9C,"Celular Android 529",1190,
233,471DE0186AC1,"Cafetera automática 275",3995,
234,8D0241194AAF,"Almohada viscoelástica 776",10240,
235,19E9BCCD61B4,"Lavarropas automático 529",95102,
236,AD6496F219AB,"Almohada viscoelástica 583",80535,
237,745CF7779A92,"Monitor Full HD 635",26106,
238,E1FE10A7C834,"Guantes de invierno 239",35507,
239,98248D5E284C,"Creatina monohidrato 813",69896,
240,3325F092FC72,"Monitor Full HD 467",33858,
241,F381D79FDF27,"Colchón memory foam 550",71860,
242,5BF50A8EAB93,"Camisa Oxford 997",136501,
243,AE0AACA2085A,"Laptop 15"" 693",14050,
244,6AA409DC033E,"Perfume importado 214",30019,
245,1D5895471215,"Cafetera automática 447",12528,
246,3AEA66E60F47,"Camisa Oxford 571",149269,
247,4C0908553D75,"Remera básica 132",1855,
248,43D6BD0F3555,"Buzo con capucha 885",79718,
249,3DCDFCF5A57B,"Aspiradora robot 166",131772,
250,7D4452E93C50,"Smartwatch 213",140359,
251,CCFE6011A2C1,"Bicicleta estática 283",59330,
252,B43A8811C9CA,"Cafetera automática 544",113602,
253,BF5CE31200A1,"Colchón memory foam 885",99990,
254,E2A68263A242,"Colchón memory foam 824",101996,
255,66AEF78855C8,"Monitor Full HD 207",143497,
256,8E265043B68A,"Blazer casual 520",25400,
257,CD4A371F10C0,"Escritorio plegable 291",10173,
258,993A1F704567,"Creatina monohidrato 288",83289,
259,A4FC424C0920,"Monitor Full HD 660",149419,
260,0C8C6B57C3BF,"Kit de maquillaje 270",126022,
261,992630B723EE,"Auriculares Bluetooth 463",15190,
262,E1AFF9904A1D,"Lavarropas automático 115",92307,
263,EC082C2CFD69,"Microondas digital 216",115364,
264,DCE0E1BE5294,"Monitor Full HD 816",10806,
265,F6618F5AB454,"Aire acondicionado 972",53316,
266,8A94D923E9B0,"Bicicleta estática 126",117834,
267,7648D91639BC,"Medias térmicas 599",52989,
268,C9B79157BF9C,"Jean elastizado 475",49730,
269,5257AA75F35B,"Licuadora potente 261",142309,
270,3120951D6BBA,"Escritorio plegable 156",51874,
271,FC8E3867E760,"Celular Android 816",30427,
272,5E6B15CA89A4,"Proteína whey 804",83662,
273,D1A8415CCD62,"Short deportivo 894",120339,
274,00B935FD1C54,"Creatina monohidrato 128",69689,
275,AB63AF04725F,"Aspiradora robot 863",147608,
276,8F3F207A3984,"Buzo con capucha 293",108663,
277,7FC02EE6A68F,"Tablet 10"" 105",20430,
278,DB5FF1FCB7EA,"Tablet 10"" 711",100826,
279,DD17581E124C,"Short deportivo 831",56281,
280,0D7BAFCE6A45,"Licuadora potente 312",79437,
281,C3DFC616C8E8,"Parlante portátil 620",29993,
282,453282FD2212,"Plancha de vapor 923",88581,
283,473D60DF8215,"Short deportivo 473",25296,
284,0B5459F78C83,"Juego de sábanas 100",2526,
285,990D9F00A421,"Parlante portátil 792",7555,
286,4D5908AD95D8,"Heladera No Frost 100",40123,
287,4B43C6B93198,"Colchón memory foam 864",96972,
288,751F51CD054F,"Silla gamer 943",74317,
289,52446ED8361E,"Zapatillas urbanas 574",100455,
290,83F3EBE0093E,"Bufanda de lana 369",146163,
291,B97D986854D2,"Camisa Oxford 284",65940,
292,7814847DC07B,"Smartwatch 552",12928,
293,084AE8870BB2,"Zapatillas urbanas 172",63610,
294,69873471E99E,"Smart TV 55"" 128",86591,
295,747AE758F74D,"Blazer casual 588",63667,
296,ECA740054ED1,"Lavarropas automático 477",31494,
297,4329ABA07D60,"Toallas premium 506",69701,
298,CEB861734067,"Cafetera automática 236",94092,
299,66F74453DEC2,"Teclado mecánico 800",52572,
300,8CCCA2522F5F,"Jean elastizado 833",80373,
301,F3358DA900D2,"Mancuernas ajustables 589",51399,
302,0AA82677BEDA,"Teclado mecánico 950",39387,
303,DE6891A485EA,"Shampoo natural 626",51074,
304,8913E950BA74,"Escritorio plegable 187",20043,
305,147AF8D35EE4,"Perfume importado 443",136728,
306,DFEBEF5D3DF3,"Mochila urbana 721",9801,
307,2ADCB48BBAB3,"Lámpara LED 953",115389,
308,D57466F5AEA1,"Silla gamer 335",138505,
309,82A3242D32BF,"Vestido floral 728",75172,
310,443A5A3ED7FE,"Heladera No Frost 746",124598,
311,345B5F698C61,"Smartwatch 471",2548,
312,A7BEAD437C31,"Proteína whey 503",92637,
313,63479A32DDC3,"Jean elastizado 322",49724,
314,907703AFA6DE,"Jean elastizado 316",144970,
315,AAB3BD184311,"Vestido floral 760",126291,
316,A0DA0A50973C,"Guantes de invierno 624",63392,
317,AFD4D4C0D3FC,"Microondas digital 495",147416,
318,4D2C56E3E6C5,"Colchón memory foam 378",7062,
319,5F3229E4DF7A,"Parlante portátil 878",131841,
320,4FC99FD73AF8,"Toallas premium 688",97097,
321,E6B3E1716BFE,"Cafetera automática 923",36045,
322,79ACF48754A6,"Zapatillas urbanas 691",23526,
323,B99755D5AAE2,"Pantalón slim 563",54835,
324,105A4417451C,"Crema hidratante 522",74867,
325,7C6303CE1912,"Auriculares Bluetooth 768",39148,
326,1EF44BAE218B,"Short deportivo 526",142324,
327,3633BFE42FFF,"Remera básica 968",112666,
328,86AD98D54EEF,"Proteína whey 884",116176,
329,BFED4FB0470B,"Campera de abrigo 675",116445,
330,6287A508B4F5,"Zapatillas urbanas 943",115859,
331,7C53B92B3E63,"Proteína whey 868",35761,
332,AC1A1947E25D,"Perfume importado 669",46558,
333,340BF7944D19,"Zapatillas urbanas 321",74528,
334,0A54AFA2FCAB,"Aspiradora robot 679",47213,
335,79CEDD652C9C,"Monitor Full HD 605",77454,
336,6EA351E8A73A,"Vestido floral 843",32047,
337,48090A52B446,"Proteína whey 122",102067,
338,62CC1236206D,"Kit de maquillaje 952",142010,
339,E3D979B3D2CB,"Bicicleta estática 719",70351,
340,36ABAF319E74,"Creatina monohidrato 990",36469,
341,A2A95B35D490,"Cinturón de cuero 302",36005,
342,B316D22456DB,"Short deportivo 996",26489,
343,97F971F583CF,"Bicicleta estática 204",26129,
344,F72000A59974,"Escritorio plegable 694",51715,
345,3EE0056A0A1F,"Crema hidratante 805",33241,
346,A3842E30ADBC,"Parlante portátil 568",124756,
347,351EF4F3C865,"Auriculares Bluetooth 283",27278,
348,14593BC3F493,"Laptop 15"" 699",13588,
349,110E639B9205,"Jean elastizado 717",105334,
350,849BC08F9508,"Smart TV 55"" 969",113314,
351,0CA41AF815B4,"Crema hidratante 313",2210,
352,DD263DF07CD2,"Buzo con capucha 375",51851,
353,77BCFC7D4EFE,"Zapatillas urbanas 438",75608,
354,4AFB5F224E51,"Power Bank 20000mAh 552",106376,
355,AA5006A83D65,"Colchón memory foam 261",134932,
356,9D500823C7D7,"Vestido floral 706",32874,
357,9CF1FA0AD172,"Jean elastizado 250",94043,
358,95701478D242,"Licuadora potente 381",149175,
359,EA4F94A6360A,"Lavarropas automático 387",37081,
360,CA45A364B9FF,"Heladera No Frost 460",94746,
361,3DDC405745A3,"Teclado mecánico 911",131889,
362,28B0109CC0E4,"Aire acondicionado 633",61751,
363,8F20D04B4EEB,"Mochila urbana 576",81138,
364,5D0DECC6B5D2,"Microondas digital 112",88027,
365,47EC2E8FE19C,"Almohada viscoelástica 725",97014,
366,C0E84B3E7FF4,"Remera básica 628",36640,
367,2DD1CD6437E4,"Cámara digital 142",113310,
368,870E5318C79A,"Colchón memory foam 107",4229,
369,E9F8E0962C14,"Plancha de vapor 921",2794,
370,A14584CC7F11,"Colchón memory foam 843",135040,
371,86B45C11E70E,"Aspiradora robot 220",131557,
372,976D4826E13F,"Plancha de vapor 674",13043,
373,5883BE961C5F,"Cinturón de cuero 538",75243,
374,E3BADF7CB61F,"Smartwatch 918",95789,
375,BF8FB025B39C,"Aspiradora robot 783",45284,
376,E981A2EF5DDF,"Short deportivo 150",85690,
377,86CCC97AF0A2,"Lavarropas automático 443",46671,
378,9755DF507ABD,"Teclado mecánico 812",6059,
379,FCCBFF6BDB75,"Remera básica 497",87570,
380,1AD0519C0F25,"Pantalón slim 907",109263,
381,FA786A828525,"Cámara digital 134",1378,
382,D7596A80A2F2,"Proteína whey 430",144104,
383,E755472E9A05,"Remera básica 646",148655,
384,E5A3084D162A,"Jean elastizado 587",65210,
385,BBE50F12E7DF,"Smartwatch 736",53175,
386,8118447F4054,"Estante flotante 288",74802,
387,E30DB47D812F,"Teclado mecánico 972",126916,
388,1BA39E3B9297,"Mochila urbana 536",121984,
389,257E59713082,"Guantes de invierno 554",60002,
390,269B4CE4E82B,"Blazer casual 471",31492,
391,2D891D900A25,"Mochila urbana 998",70776,
392,2BA3601C2AD5,"Silla gamer 101",102107,
393,4DE0BBCD72D3,"Mochila urbana 709",4698,
394,A4000F466E62,"Lavarropas automático 826",48429,
395,49F02C1BD41E,"Gorra de béisbol 694",30867,
396,F949390EF042,"Parlante portátil 410",63914,
397,59DD355F6C69,"Mochila urbana 755",102915,
398,1FE7CA2EBA21,"Plancha de vapor 597",41089,
399,B8C21DDBDC75,"Bufanda de lana 930",67398,
400,BA4F402E9CC6,"Crema hidratante 589",49467,
401,15CA87FAFE4D,"Mouse inalámbrico 263",42193,
402,37DF9ED76F53,"Medias térmicas 991",11476,
403,50703AEDE517,"Plancha de vapor 573",146453,
404,CAA2BA1A4AA7,"Licuadora potente 885",100035,
405,E1E9223F7F14,"Medias térmicas 587",14426,
406,9D8990364F46,"Gorra de béisbol 560",7090,
407,057ADD05D6EC,"Colchón memory foam 511",29233,
408,B8BFBD8AE815,"Guantes de invierno 300",94583,
409,C1702A678EC3,"Estante flotante 455",90360,
410,E50BA75EC842,"Lavarropas automático 575",128274,
411,2AE961C756D4,"Bufanda de lana 611",122946,
412,D9812EABC4B5,"Estante flotante 858",13781,
413,6C15869B4E6C,"Monitor Full HD 489",62069,
414,43D5CFB2789D,"Aspiradora robot 615",13720,
415,8F2574D6D1B7,"Smartwatch 572",74916,
416,465496244EE0,"Remera básica 677",113866,
417,9F38840444FD,"Medias térmicas 251",17061,
418,C82AA9CBE924,"Cámara digital 938",101382,
419,965D73974DD1,"Bufanda de lana 437",13684,
420,1A0FFA9A5FA5,"Blazer casual 578",135611,
421,526B598E0563,"Guantes de invierno 277",106413,
422,558F3D5A540E,"Toallas premium 200",7430,
423,D7A66122E252,"Mouse inalámbrico 613",147642,
424,0708F806EC8E,"Pantalón slim 542",85576,
425,C694B236095F,"Parlante portátil 633",143207,
426,98A8A1127BD1,"Licuadora potente 797",56822,
427,8B3692D0718E,"Power Bank 20000mAh 834",38599,
428,E0675DC319C0,"Camisa Oxford 672",21246,
429,9F1C14B5FEF7,"Silla gamer 119",119330,
430,A0E982A43189,"Celular Android 667",2637,
431,6A6383F2698D,"Cámara digital 485",53676,
432,97561A6EAF2F,"Guantes de invierno 190",102820,
433,E75928AE3D6E,"Tablet 10"" 556",78488,
434,713DCE396E5E,"Buzo con capucha 465",126411,
435,2561F8279B9F,"Vestido floral 400",17501,
436,4371AEF9B7F5,"Blazer casual 637",80286,
437,9FDA6F990F22,"Colchón memory foam 930",116963,
438,5A158A1AB4D0,"Shampoo natural 909",129820,
439,3297B410B460,"Mouse inalámbrico 110",129250,
440,3DF7548FB899,"Monitor Full HD 399",105513,
441,F190174E2F99,"Mancuernas ajustables 154",131260,
442,C414EC79693A,"Short deportivo 611",83840,
443,BAB53D46B1A3,"Smartwatch 721",137433,
444,E77CCB24B14E,"Jean elastizado 276",26581,
445,493CEE5FF050,"Lavarropas automático 399",113778,
446,E69B1933D4AF,"Buzo con capucha 970",94234,
447,76072344AC22,"Camisa Oxford 289",120338,
448,82EF93B5F376,"Almohada viscoelástica 409",77137,
449,9A54F482DD95,"Parlante portátil 952",143755,
450,38B03F8211B8,"Licuadora potente 339",149297,
451,448ED9D5F0D4,"Cinturón de cuero 102",85474,
452,53B116D76590,"Smart TV 55"" 101",54929,
453,176BF3752E77,"Short deportivo 793",38488,
454,274190717E03,"Gorra de béisbol 752",139327,
455,BAB3F8360563,"Lavarropas automático 416",20565,
456,FA28B0FF3F87,"Aire acondicionado 505",140816,
457,0D3A36B7D270,"Perfume importado 540",127592,
458,C039E554E32C,"Pantalón slim 910",19616,
459,7F42CEA341BF,"Bufanda de lana 240",20713,
460,B44F7AAB0C59,"Mancuernas ajustables 378",124631,
461,B43005426869,"Juego de sábanas 154",44138,
462,FC883507B6E7,"Bufanda de lana 220",129130,
463,B012C398BF05,"Lavarropas automático 663",11079,
464,B614A1AC61E5,"Estante flotante 944",145911,
465,D20B39B2CE54,"Camisa Oxford 672",122166,
466,7BC4E131B8B9,"Mancuernas ajustables 575",140944,
467,0A55241A3AEF,"Pantalón slim 146",146553,
468,9099862E5280,"Pantalón slim 786",66857,
469,2B9F35DB4301,"Cinturón de cuero 718",69036,
470,EEF4FA80A6BE,"Almohada viscoelástica 154",92441,
471,E214A327F64B,"Parlante portátil 867",9937,
472,734D1D081F44,"Power Bank 20000mAh 407",143538,
473,E0CB83986279,"Cinturón de cuero 884",121133,
474,E6A96DA0144C,"Lámpara LED 692",27272,
475,6B8E0965BB74,"Lámpara LED 212",22860,
476,4F4FDD90BF11,"Juego de sábanas 933",77776,
477,447030A3BF09,"Pantalón slim 880",100469,
478,323B414AB076,"Power Bank 20000mAh 760",49912,
479,8FFC79C460E7,"Bicicleta estática 752",113637,
480,7209AA6C7D4D,"Short deportivo 345",63238,
481,137C9296BFD1,"Laptop 15"" 540",31120,
482,3A1CC6E6062B,"Vestido floral 786",60786,
483,83965EB727BE,"Mancuernas ajustables 870",63341,
484,9F9ACCC19154,"Proteína whey 656",40568,
485,323EF8D44FB5,"Crema hidratante 389",104814,
486,052A0ECE11C8,"Escritorio plegable 800",75846,
487,3348EAC4E83D,"Almohada viscoelástica 642",124716,
488,A57C79013FF8,"Mochila urbana 998",30910,
489,9BA18D7E0276,"Plancha de vapor 127",69578,
490,CEF64DB30B3D,"Silla gamer 252",88624,
491,08EA33F9C08A,"Estante flotante 468",50082,
492,0D0556026DAE,"Proteína whey 275",37214,
493,A51CC0669F6E,"Heladera No Frost 305",45448,
494,5A21188943ED,"Kit de maquillaje 928",81861,
495,5F5CE32BCF14,"Perfume importado 333",113737,
496,352F156BEF9F,"Tablet 10"" 672",16293,
497,86EF0DC5E976,"Parlante portátil 754",67637,
498,F4FC8B9043C9,"Escritorio plegable 162",6275,
499,14BAEF29B001,"Silla gamer 668",126137,
500,B3B151550B44,"Smartwatch 901",47936,
501,3C5DEB373A38,"Cinturón de cuero 364",47165,
502,7C66039B808E,"Creatina monohidrato 601",84236,
503,C06B67D5FA4A,"Bicicleta estática 475",106335,
504,0CCE846251D0,"Licuadora potente 118",26218,
505,A76E4A8E7A14,"Teclado mecánico 493",143781,
506,EC59CF0D8514,"Smart TV 55"" 356",85844,
507,26A2860DB0CB,"Lámpara LED 438",131894,
508,407BE8EC03E3,"Lámpara LED 496",9454,
509,DF55AB02F6A7,"Auriculares Bluetooth 424",57228,
510,9F9B3324AB25,"Shampoo natural 806",66382,
511,59C5030EB1E2,"Mochila urbana 684",108823,
512,BE388EE3FFF7,"Juego de sábanas 694",117826,
513,4DCAE0CBAFB7,"Short deportivo 425",66513,
514,E884032336C8,"Bufanda de lana 800",112534,
515,1D010F65B1A0,"Proteína whey 969",6358,
516,69933B7BB191,"Cámara digital 263",122264,
517,439EFE9150B3,"Jean elastizado 191",61173,
518,D117CEDFABDE,"Smart TV 55"" 521",83569,
519,0021D498C8D5,"Camisa Oxford 944",131663,
520,D407A286C52B,"Parlante portátil 861",143364,
521,E2998260E4EA,"Jean elastizado 108",44848,
522,798F332D2B7C,"Celular Android 781",93205,
523,233E12F8FC63,"Power Bank 20000mAh 309",135894,
524,38134168B610,"Colchón memory foam 378",57885,
525,F9A577C37F73,"Kit de maquillaje 755",44500,
526,652FC57A2E1D,"Buzo con capucha 665",37582,
527,59682DD40770,"Heladera No Frost 185",125436,
528,385ECE202B02,"Perfume importado 863",98957,
529,CEF7E32C6809,"Lavarropas automático 455",91984,
530,8C940ED822C9,"Mochila urbana 769",79817,
531,CBEEE5C2ED4D,"Tablet 10"" 192",129704,
532,46EEE5C98EEC,"Creatina monohidrato 812",122177,
533,EBA2A69FFBB0,"Aire acondicionado 146",141261,
534,57F60A1A2639,"Zapatillas urbanas 448",63506,
535,A7CCF75EC049,"Remera básica 768",77850,
536,111DFE91142A,"Mochila urbana 173",38282,
537,206130533FEB,"Mouse inalámbrico 596",72225,
538,D8EE7EDD763B,"Smart TV 55"" 688",45419,
539,BD669A2BE711,"Bufanda de lana 727",56671,
540,07391BF42C7C,"Aspiradora robot 874",138399,
541,96E5DD1C1B03,"Shampoo natural 522",17795,
542,E1A0BB78B678,"Auriculares Bluetooth 644",140509,
543,E82DF6FC3179,"Teclado mecánico 716",56131,
544,FF5F8FD60BD9,"Juego de sábanas 923",123692,
545,7B6F8364719B,"Monitor Full HD 174",109458,
546,D1AD77C85DCB,"Auriculares Bluetooth 722",133879,
547,CEA85F2AD4E9,"Proteína whey 596",50202,
548,949BACDBBDF1,"Remera básica 125",127107,
549,DA6A25FA0E22,"Escritorio plegable 141",13084,
550,553D4AAD3FE4,"Lámpara LED 317",138925,
551,8EF202E0CF9E,"Almohada viscoelástica 106",139599,
552,EA1A31CB340F,"Laptop 15"" 880",106050,
553,CA13F8923D57,"Remera básica 422",61777,
554,9A17D730CE09,"Creatina monohidrato 249",124542,
555,26B74F75D152,"Mochila urbana 414",32000,
556,540AD5CB37D0,"Laptop 15"" 748",84068,
557,A652AB9F930A,"Campera de abrigo 922",2964,
558,D83D14D548D8,"Escritorio plegable 502",35523,
559,9FB162328EB8,"Lavarropas automático 432",40418,
560,13F45EA83E9C,"Heladera No Frost 483",102338,
561,F01614360BF7,"Plancha de vapor 391",47991,
562,E685D367FAA4,"Auriculares Bluetooth 912",141957,
563,D81A159FE3BB,"Bicicleta estática 193",57603,
564,5EDB5BFB7550,"Gorra de béisbol 636",5806,
565,6AF5C74B9E12,"Shampoo natural 657",85637,
566,856E0C311271,"Escritorio plegable 798",28164,
567,F163236280AB,"Perfume importado 838",25197,
568,B3020C117ABE,"Pantalón slim 698",109954,
569,FA1A5F436C90,"Colchón memory foam 805",58539,
570,D0C64CD6F7DF,"Cinturón de cuero 606",54406,
571,9643C7424E78,"Estante flotante 908",137505,
572,D62FE6F9E6A1,"Celular Android 498",83829,
573,2D875589B62C,"Medias térmicas 797",70853,
574,C64F939160D2,"Remera básica 608",139035,
575,1C445354463C,"Shampoo natural 872",106712,
576,641B33B81EF4,"Celular Android 554",128947,
577,2E90CBC9CE4E,"Bufanda de lana 525",45221,
578,42207B29F5F7,"Lámpara LED 935",49868,
579,96310EF45DB8,"Teclado mecánico 442",36449,
580,60474E0280B6,"Shampoo natural 413",85977,
581,F01B0B67AADF,"Shampoo natural 794",43784,
582,116BCD20FB0D,"Aire acondicionado 200",119810,
583,7DEE3F102279,"Blazer casual 564",81023,
584,4329D975A838,"Plancha de vapor 518",102419,
585,00BCA98AB0B6,"Parlante portátil 231",117950,
586,4627F7E9C6FA,"Gorra de béisbol 546",9259,
587,AF934BF1181D,"Tablet 10"" 667",78196,
588,2CDD32916FEB,"Monitor Full HD 810",73303,
589,C235CBA024BB,"Vestido floral 793",48830,
590,8522794A3E01,"Laptop 15"" 993",71722,
591,6D83719E2D7A,"Colchón memory foam 518",41119,
592,BE5656F2AAF7,"Crema hidratante 468",84798,
593,08A4C3CEC91F,"Kit de maquillaje 713",27962,
594,1D0456117606,"Gorra de béisbol 994",28783,
595,B7DFB441C405,"Lavarropas automático 584",56773,
596,789FA60532A5,"Bufanda de lana 222",28966,
597,C1CA196C05CF,"Juego de sábanas 500",55363,
598,B5E594857272,"Licuadora potente 661",108883,
599,9AD7A870C253,"Smart TV 55"" 670",96856,
600,D13B6027CC30,"Medias térmicas 396",118145,
601,3D1C1C54EBA2,"Guantes de invierno 551",122309,
602,0E0AB0F6F2BB,"Jean elastizado 423",136186,
603,E7468C0D8134,"Campera de abrigo 512",148699,
604,F0E3DA7BB9CF,"Microondas digital 954",33964,
605,8F78F817CE98,"Lámpara LED 682",139317,
606,7A9C6A282189,"Jean elastizado 327",147279,
607,5AD889E67F1D,"Bicicleta estática 181",41691,
608,97F303B561DA,"Monitor Full HD 110",31357,
609,631885764316,"Vestido floral 971",66202,
610,D908BA948DE1,"Estante flotante 348",93971,
611,0376ACC866E9,"Almohada viscoelástica 120",33350,
612,FFF148259C87,"Almohada viscoelástica 767",128802,
613,7F6963CAC8CE,"Zapatillas urbanas 533",111403,
614,9DC67D6544FE,"Crema hidratante 313",127300,
615,180FB1FC940C,"Mochila urbana 629",77234,
616,84FD67C834A9,"Parlante portátil 880",106684,
617,218288FA0494,"Lámpara LED 731",40143,
618,7D7A5F74FC17,"Smartwatch 782",79422,
619,9383CAEAFA98,"Monitor Full HD 175",145670,
620,631C4AE56970,"Microondas digital 791",116681,
621,2F472674FEDD,"Lámpara LED 530",113992,
622,5D36B28ED30B,"Jean elastizado 917",32158,
623,A6C8E2F82691,"Tablet 10"" 685",105938,
624,7B1291AE246D,"Kit de maquillaje 909",43480,
625,9B5E9C408B69,"Jean elastizado 874",124168,
626,A01EF1CB8832,"Perfume importado 143",140735,
627,71C2588ABFE1,"Mouse inalámbrico 825",116992,
628,5EFA4DD42BED,"Lámpara LED 617",113729,
629,C9D149D068CA,"Campera de abrigo 866",132129,
630,98F153B2D067,"Shampoo natural 705",36991,
631,73AC23F75CCE,"Microondas digital 536",82109,
632,EFF3323CC0F1,"Proteína whey 481",122544,
633,755F5589394A,"Microondas digital 360",20203,
634,225ACFC56F1A,"Aire acondicionado 310",18090,
635,FBAD43AF971E,"Mochila urbana 876",15199,
636,B8B7E897D4D1,"Perfume importado 131",118076,
637,A0548809D073,"Jean elastizado 832",97943,
638,30CE39C1F7AE,"Pantalón slim 686",63215,
639,EE4BC6B7D5B9,"Aire acondicionado 474",119250,
640,BD7F8EF3D4C8,"Medias térmicas 973",14556,
641,798E35412E9F,"Shampoo natural 948",4252,
642,4AC18A9E83E6,"Laptop 15"" 442",80979,
643,329396259CBA,"Campera de abrigo 778",125168,
644,BF975146AA2A,"Juego de sábanas 632",41939,
645,CCC61EBBD0EC,"Gorra de béisbol 694",51185,
646,28D19724D146,"Creatina monohidrato 604",105145,
647,7279B48FD9E0,"Buzo con capucha 915",68265,
648,B873E1352702,"Kit de maquillaje 340",117742,
649,555D44A04BBB,"Smart TV 55"" 748",76964,
650,C8529E50C2B2,"Smart TV 55"" 235",30255,
651,C2B5303686EF,"Medias térmicas 334",34840,
652,AD2692990B61,"Estante flotante 436",12729,
653,E8272FBF7C88,"Parlante portátil 210",86070,
654,339E097C963D,"Cámara digital 231",16585,
655,B8EFD993364A,"Auriculares Bluetooth 590",145666,
656,19ECEA307A3D,"Juego de sábanas 534",95869,
657,0D4532B89205,"Laptop 15"" 866",10519,
658,BCC16016EA9F,"Blazer casual 925",7141,
659,07A5B47F45CE,"Cinturón de cuero 841",129729,
660,F84844A3D7E7,"Pantalón slim 128",102142,
661,0FEFBD989AF1,"Colchón memory foam 830",74989,
662,A1A10401BB4D,"Bicicleta estática 448",4138,
663,D3564D0BB580,"Tablet 10"" 786",98569,
664,AF2F6C9D56CD,"Shampoo natural 346",10312,
665,A426001E25D2,"Toallas premium 891",9606,
666,3C7C8426912E,"Perfume importado 513",81173,
667,A01C7E65D5C7,"Smart TV 55"" 273",102890,
668,A0B119A5FE9A,"Perfume importado 258",5209,
669,5A9FBD113AE5,"Laptop 15"" 812",73447,
670,3956967E2AC8,"Silla gamer 356",137466,
671,3B79CD00555D,"Cinturón de cuero 366",30027,
672,8406FB710BA9,"Medias térmicas 393",65823,
673,FD1F6502AE19,"Colchón memory foam 722",114467,
674,D64B1723E770,"Plancha de vapor 628",132096,
675,D21D441D1AD6,"Lavarropas automático 220",98222,
676,C854C4E8BAA4,"Bufanda de lana 929",1208,
677,809DD7788BBF,"Colchón memory foam 221",136533,
678,EAF5B0133B84,"Kit de maquillaje 545",5514,
679,7334B204CE74,"Proteína whey 326",117757,
680,376AEF1CFD12,"Medias térmicas 644",105856,
681,2312506C258D,"Mouse inalámbrico 394",131859,
682,7000DA46EAB5,"Cámara digital 503",52360,
683,C0771A276337,"Auriculares Bluetooth 957",58694,
684,8A4C83E36A85,"Teclado mecánico 593",6432,
685,3E30C8FA6B95,"Laptop 15"" 288",130287,
686,8482D801481D,"Short deportivo 860",14045,
687,083C7AAD96DE,"Almohada viscoelástica 409",98161,
688,1BEFED627A0E,"Mancuernas ajustables 176",41558,
689,B8BEC8C484CE,"Mochila urbana 156",27278,
690,33E2D9DFE790,"Vestido floral 522",105916,
691,779110983CB7,"Creatina monohidrato 296",13966,
692,EE9592431840,"Short deportivo 507",145414,
693,2F8DCF6E98CB,"Pantalón slim 318",143489,
694,344621066A04,"Short deportivo 267",125720,
695,0A483015D00C,"Mouse inalámbrico 294",77351,
696,1EA9D9C7904A,"Silla gamer 769",124546,
697,0D36A4713319,"Laptop 15"" 807",3719,
698,D04B9D540456,"Lavarropas automático 650",99523,
699,6FA624E720EB,"Bufanda de lana 750",139586,
700,B57D0BB197F6,"Camisa Oxford 142",77738,
701,AB439E3E92EC,"Tablet 10"" 860",94500,
702,C1B699D29E4A,"Crema hidratante 844",48812,
703,2B025A3B5902,"Vestido floral 245",20484,
704,3106F0DF7B1E,"Estante flotante 706",87606,
705,967AC2D6ACED,"Creatina monohidrato 641",57245,
706,E031AB192507,"Cafetera automática 859",137657,
707,D69D94FE1C48,"Laptop 15"" 317",49923,
708,67B495C4111B,"Escritorio plegable 274",89219,
709,50127846DE2C,"Aspiradora robot 452",44173,
710,B7BC3BE6B087,"Creatina monohidrato 559",21062,
711,A5A654435546,"Licuadora potente 616",90326,
712,4ED18CF86FCA,"Aspiradora robot 917",62368,
713,B7393ABC04AB,"Cafetera automática 632",61812,
714,A8083EE9B144,"Mouse inalámbrico 133",32251,
715,1F68ED643063,"Lámpara LED 506",71850,
716,41751158F2B4,"Auriculares Bluetooth 730",51660,
717,B22695D23586,"Shampoo natural 501",85027,
718,085A42F4505E,"Blazer casual 173",8120,
719,C467B9744719,"Aire acondicionado 440",23367,
720,AF3E0B0F85DE,"Mouse inalámbrico 729",115177,
721,49265CB7C182,"Short deportivo 526",124365,
722,0F3F60B6B672,"Creatina monohidrato 252",9345,
723,9D7A351D5D06,"Laptop 15"" 455",76442,
724,A7B0F1BE4513,"Power Bank 20000mAh 877",3040,
725,5E75BD5A7235,"Short deportivo 663",56766,
726,5FC23870AAF5,"Smartwatch 965",48859,
727,A04256C162E1,"Lavarropas automático 861",61331,
728,5C18397E7029,"Auriculares Bluetooth 361",30821,
729,A24BFF2314FB,"Parlante portátil 392",42169,
730,A70F45299804,"Cámara digital 817",95516,
731,826B37D7FB76,"Perfume importado 400",72206,
732,4F90CAE263C6,"Smartwatch 223",3383,
733,79706DAFF0CB,"Heladera No Frost 825",144472,
734,45F6ED749414,"Mouse inalámbrico 586",22237,
735,3EFDA92B78DE,"Lavarropas automático 829",47125,
736,3C66D2C43335,"Microondas digital 833",32905,
737,9584E521541F,"Tablet 10"" 801",80067,
738,4F4BA7027D89,"Cámara digital 999",128367,
739,7E3B7A037847,"Licuadora potente 202",138127,
740,8AE2A719F1F5,"Power Bank 20000mAh 331",22144,
741,84EC0675615D,"Vestido floral 256",80277,
742,AD0A4E4D772A,"Medias térmicas 862",41722,
743,88FFA398A78E,"Tablet 10"" 405",36377,
744,239EDCF8A759,"Parlante portátil 533",17524,
745,9B08761257DA,"Camisa Oxford 766",105424,
746,9491A9528063,"Plancha de vapor 811",147498,
747,98EB9213DB2E,"Proteína whey 719",124668,
748,1316D6EE6402,"Smartwatch 660",96342,
749,F508C4F39CB8,"Auriculares Bluetooth 572",98807,
750,134A805A1B7C,"Teclado mecánico 258",138543,
751,7079EF7474A0,"Estante flotante 476",133315,
752,79ACB2A2F484,"Pantalón slim 984",120343,
753,A050D92A6A4C,"Teclado mecánico 925",36251,
754,F0908D9C1EC4,"Short deportivo 423",140178,
755,3D24637DBBFF,"Laptop 15"" 458",79115,
756,D69519F6CC01,"Shampoo natural 556",83173,
757,03156ADED74A,"Mochila urbana 876",68170,
758,6802829347BC,"Smart TV 55"" 605",144702,
759,F05E5A06CECA,"Auriculares Bluetooth 768",78820,
760,2C626B4F304E,"Camisa Oxford 478",71181,
761,84A0BCB422AF,"Guantes de invierno 789",124545,
762,CE33FBDE54AB,"Campera de abrigo 238",34139,
763,4D0A712CD0F9,"Laptop 15"" 324",119369,
764,8C5283E0A175,"Vestido floral 337",97557,
765,A0BAF42008DE,"Power Bank 20000mAh 882",57622,
766,9675B15A2225,"Proteína whey 947",145949,
767,DEE9D17D1B42,"Aspiradora robot 821",121393,
768,53DB5C48A508,"Aire acondicionado 525",134621,
769,C803C4AA5E5C,"Silla gamer 573",14446,
770,67D4B864F5A7,"Short deportivo 862",85980,
771,35E12B493D7A,"Mancuernas ajustables 596",42597,
772,78ABB6592931,"Zapatillas urbanas 629",95295,
773,82EFC94400B7,"Celular Android 262",125296,
774,E379DE3959F4,"Microondas digital 626",54848,
775,9E5D6186985F,"Blazer casual 792",27090,
776,69D3D487A6A8,"Jean elastizado 772",40288,
777,A1930BA33852,"Smartwatch 560",119847,
778,8D0A2D7C9A02,"Smart TV 55"" 741",107348,
779,A239EE2F5B7F,"Cinturón de cuero 415",70058,
780,5C44D85041FA,"Vestido floral 530",100003,
781,8674A6BF292D,"Monitor Full HD 991",69076,
782,5D99F73E603F,"Parlante portátil 236",7122,
783,3DBBA4A959D5,"Monitor Full HD 988",105652,
784,7E1DD55B838A,"Bicicleta estática 510",63896,
785,D31039073422,"Pantalón slim 538",149469,
786,2D5D55057582,"Jean elastizado 523",96442,
787,7C135C7E25B6,"Bufanda de lana 619",35216,
788,B28E0CFCADBC,"Guantes de invierno 503",123110,
789,13F0F3260483,"Buzo con capucha 107",100667,
790,B05C016CEA37,"Laptop 15"" 218",57766,
791,D9CF56233CAF,"Bufanda de lana 916",85773,
792,9A284D92CFD9,"Shampoo natural 266",40298,
793,B4C363850F7F,"Estante flotante 306",110660,
794,C72919FB72D0,"Mancuernas ajustables 277",95670,
795,0799C33E53B3,"Teclado mecánico 983",76434,
796,145E92C18B34,"Tablet 10"" 371",52488,
797,077546071846,"Shampoo natural 439",15059,
798,6657942E2AEC,"Bufanda de lana 114",96520,
799,2EECDD82214F,"Crema hidratante 212",72470,
800,4440DC063262,"Power Bank 20000mAh 701",38813,
801,D7E0F6332251,"Colchón memory foam 795",129609,
802,89EADC7317A6,"Monitor Full HD 879",33991,
803,75140AC5FF65,"Zapatillas urbanas 396",16426,
804,156BA6C983DA,"Silla gamer 440",99916,
805,9F7B3F8B9FB4,"Heladera No Frost 193",38099,
806,89E9FE409101,"Heladera No Frost 768",36037,
807,F7D5996C1A7F,"Toallas premium 721",145730,
808,CA8296ECC23F,"Celular Android 557",80738,
809,13B5BE3D4A0A,"Microondas digital 959",35389,
810,14BF3058E48E,"Campera de abrigo 966",133117,
811,BBE800979A94,"Auriculares Bluetooth 242",87887,
812,5A0A22F008F7,"Laptop 15"" 518",130768,
813,5A8D96211562,"Camisa Oxford 437",137866,
814,6F2451DF9C99,"Bicicleta estática 343",29784,
815,6455C6C0C673,"Aspiradora robot 632",116877,
816,7798C1EC6680,"Gorra de béisbol 334",75585,
817,A882BD48EF7C,"Kit de maquillaje 967",41967,
818,6CB5A67C0925,"Gorra de béisbol 393",111307,
819,5A67E78ABFAA,"Crema hidratante 332",5764,
820,ABA96368ECD9,"Heladera No Frost 208",136193,
821,BAFFB512901E,"Smartwatch 158",99423,
822,481F4C440CD6,"Plancha de vapor 741",111497,
823,C9DE21A72A9B,"Lámpara LED 203",149695,
824,DD1BEFFE34EC,"Zapatillas urbanas 496",43716,
825,093ECB2608B2,"Microondas digital 705",125821,
826,E6F88490E72F,"Cafetera automática 277",120662,
827,535E017714C7,"Camisa Oxford 321",75564,
828,A487D5602BD7,"Lavarropas automático 767",144605,
829,50F08DAA7A34,"Bicicleta estática 710",77628,
830,E38923932F29,"Tablet 10"" 108",104380,
831,CDDF49BDC3F2,"Mochila urbana 899",101940,
832,EF3CD868903D,"Celular Android 141",33028,
833,033C03DB2759,"Gorra de béisbol 955",123811,
834,91FB7D4976B2,"Smartwatch 579",138356,
835,2873F3D11070,"Vestido floral 281",127928,
836,7939BEBDB920,"Mouse inalámbrico 280",58583,
837,21A26EF896F9,"Smart TV 55"" 621",99671,
838,777F7A980B01,"Camisa Oxford 351",25748,
839,9F50B69C4ED1,"Licuadora potente 930",101076,
840,CDB6E048E832,"Smartwatch 315",95753,
841,F2D833FBFC65,"Creatina monohidrato 985",42370,
842,50521BAD3639,"Licuadora potente 576",6882,
843,5779FF771427,"Remera básica 648",135849,
844,8498EE1BB1C8,"Remera básica 256",84759,
845,52FA75A6B12B,"Pantalón slim 454",22041,
846,48B2EFFA63CF,"Colchón memory foam 123",135544,
847,5575ADD4061F,"Lavarropas automático 466",76488,
848,872F8C6BDAC1,"Mancuernas ajustables 520",112651,
849,10313B366FE3,"Aire acondicionado 659",83422,
850,97ACD5992FFB,"Cafetera automática 966",51064,
851,A5AFDA1C24D3,"Bicicleta estática 521",72527,
852,20FAED3443B5,"Heladera No Frost 312",2862,
853,69E2B55F9458,"Crema hidratante 416",107501,
854,C87BD18A5E00,"Shampoo natural 962",74344,
855,10E2BA36B995,"Gorra de béisbol 843",25319,
856,BB2CC5014578,"Mochila urbana 951",57393,
857,E473DC85A93C,"Perfume importado 860",77804,
858,0A4351F809D9,"Lámpara LED 625",149474,
859,637B69C6E4FC,"Perfume importado 134",83255,
860,3E1CABED3949,"Zapatillas urbanas 875",144322,
861,185781E43228,"Bicicleta estática 477",134259,
862,2CAB1E818AFF,"Cinturón de cuero 101",128934,
863,5BC928218BDF,"Cámara digital 985",137209,
864,F9F53D76CE49,"Campera de abrigo 373",13609,
865,42ACB73FDEB0,"Smart TV 55"" 613",121145,
866,75C0D76ACB48,"Cámara digital 408",42394,
867,B0796508627A,"Estante flotante 739",2660,
868,0798E48B90A7,"Medias térmicas 290",65657,
869,4DAA4AA5BFF3,"Estante flotante 469",121556,
870,52C822A34186,"Shampoo natural 822",90809,
871,28A464093ABC,"Bufanda de lana 891",19791,
872,59F5EF18CA10,"Microondas digital 427",5463,
873,8721ED4D4034,"Heladera No Frost 697",13318,
874,713879248A60,"Laptop 15"" 904",149522,
875,2D30C5ADF3B8,"Licuadora potente 291",24517,
876,5B4748562066,"Estante flotante 948",31020,
877,2CC76212FF53,"Juego de sábanas 467",88330,
878,8F965890469F,"Gorra de béisbol 557",74730,
879,A0F6F936C864,"Laptop 15"" 419",14897,
880,910A7C4C40EE,"Proteína whey 458",27638,
881,683A469A65AC,"Auriculares Bluetooth 560",27182,
882,0E1519EC7895,"Mancuernas ajustables 997",121384,
883,5A18E6109A1E,"Lavarropas automático 116",122496,
884,92EBFC453F50,"Almohada viscoelástica 986",30411,
885,8E8C95A51594,"Crema hidratante 881",143320,
886,D273C4F3163F,"Licuadora potente 629",119735,
887,DFAF6C6D5E64,"Colchón memory foam 489",91948,
888,A293FB9E2CE4,"Heladera No Frost 359",116916,
889,061BBAAC7B90,"Bicicleta estática 583",97835,
890,58287CE90DC3,"Remera básica 549",93405,
891,8163C67BF949,"Smartwatch 836",4575,
892,837F17E9EB53,"Almohada viscoelástica 321",63938,
893,87A44C370A90,"Remera básica 723",118400,
894,3B1B41E9214A,"Parlante portátil 530",141931,
895,461454A7D848,"Estante flotante 466",139955,
896,B7232EFBC0F5,"Teclado mecánico 834",116070,
897,782624E027D7,"Microondas digital 577",18252,
898,7065AE409127,"Proteína whey 288",43305,
899,6062BBAD6033,"Smartwatch 818",50667,
900,643EB3602BD5,"Almohada viscoelástica 443",120642,
901,ADB9DB216BF2,"Auriculares Bluetooth 158",148251,
902,8BD7A86BE449,"Bufanda de lana 507",75144,
903,DCB00F2C7813,"Mouse inalámbrico 985",145506,
904,2CB1D8249E15,"Campera de abrigo 137",84263,
905,0B5A689E331E,"Estante flotante 103",117750,
906,9118F62DDFF0,"Guantes de invierno 793",45144,
907,B3AF0176FDDB,"Estante flotante 936",17734,
908,F0C00AEC4FC7,"Escritorio plegable 800",104690,
909,B121EB545165,"Creatina monohidrato 423",25902,
910,18A827D3F94D,"Monitor Full HD 295",128554,
911,06706E7F50B1,"Zapatillas urbanas 556",27286,
912,E77A7C7E42B9,"Smartwatch 146",66605,
913,F1124B5DCDD1,"Escritorio plegable 953",96449,
914,3E92AC2D091D,"Cafetera automática 768",94671,
915,3D28FF441527,"Auriculares Bluetooth 875",108473,
916,0DE9B73285BF,"Microondas digital 735",53780,
917,B1A586626AD6,"Juego de sábanas 758",93362,
918,8110BA1B2E97,"Mouse inalámbrico 277",13115,
919,7813A0A23C71,"Licuadora potente 401",123652,
920,E2908CF36A27,"Monitor Full HD 433",99401,
921,D8BF680846F8,"Plancha de vapor 811",37349,
922,C6782EB379DC,"Smart TV 55"" 255",112711,
923,51197862CF00,"Kit de maquillaje 723",61606,
924,69D36CB4D4A1,"Parlante portátil 373",1433,
925,E54ED073A971,"Medias térmicas 626",91913,
926,BDE36E8F8C8A,"Pantalón slim 161",57882,
927,5AB796C4F286,"Perfume importado 868",117827,
928,9D67FF5C791A,"Heladera No Frost 784",120124,
929,C2F5C43D0420,"Shampoo natural 613",102963,
930,DD0B4AA52C5A,"Lámpara LED 928",67357,
931,A135E0EC3E56,"Lámpara LED 966",102741,
932,A9BFA0917923,"Escritorio plegable 574",113018,
933,61A5BC8C4A2A,"Bicicleta estática 367",133897,
934,32AE96014253,"Creatina monohidrato 515",25599,
935,CC171ACF28FE,"Medias térmicas 374",145934,
936,E5C99EC3E1D6,"Camisa Oxford 534",74992,
937,96493B9C389B,"Power Bank 20000mAh 220",63225,
938,F3889758BB66,"Camisa Oxford 957",119914,
939,BFF606238692,"Lavarropas automático 878",52257,
940,CF1C1D7365EF,"Juego de sábanas 250",48992,
941,6D8B9DB13371,"Juego de sábanas 479",116406,
942,D3CCE351BEAB,"Jean elastizado 106",104598,
943,9C188B18B206,"Pantalón slim 742",22305,
944,4DA36C6ADDAC,"Teclado mecánico 263",81823,
945,A0F5E15D5C54,"Almohada viscoelástica 503",4922,
946,88D50D11DBA6,"Toallas premium 683",82458,
947,449B0366E099,"Juego de sábanas 662",129348,
948,79C290873461,"Perfume importado 802",119136,
949,3931B23733C0,"Cafetera automática 113",149666,
950,B55CED7B9F40,"Perfume importado 197",50988,
951,D797D412E688,"Heladera No Frost 227",101912,
952,5446D1064C24,"Lámpara LED 368",98317,
953,D98E79505110,"Camisa Oxford 832",31445,
954,91F12ECDE621,"Buzo con capucha 308",58238,
955,48174EE3F784,"Mancuernas ajustables 120",90304,
956,44C6BD834E50,"Perfume importado 368",125356,
957,206C6D0FB2B4,"Licuadora potente 519",102168,
958,486638A70F62,"Mancuernas ajustables 236",122338,
959,72AB98F7124F,"Crema hidratante 707",86109,
960,2B52F3022B6E,"Medias térmicas 189",101487,
961,CD3CEF1F07CC,"Aspiradora robot 630",142696,
962,3E21BB4BE369,"Parlante portátil 263",120733,
963,7BA45B17EE88,"Mouse inalámbrico 159",143484,
964,2560082622F5,"Almohada viscoelástica 435",28737,
965,132B24B569CC,"Lavarropas automático 808",97614,
966,C5A22E35DAD7,"Tablet 10"" 314",117539,
967,724F7467CB1B,"Auriculares Bluetooth 354",142549,
968,19B626F8684E,"Silla gamer 948",7147,
969,7C9BA6E0B52E,"Teclado mecánico 718",142750,
970,F5F073A6DBC0,"Creatina monohidrato 992",140815,
971,1BDFE434AABF,"Juego de sábanas 539",75581,
972,E80758F3416B,"Colchón memory foam 999",52576,
973,34CF0595C539,"Lámpara LED 364",12516,
974,DEE3ED29F970,"Teclado mecánico 769",114394,
975,D3EF374D2B84,"Medias térmicas 872",100674,
976,FCAC668C4E9B,"Toallas premium 236",49835,
977,2FACEC14DA3C,"Guantes de invierno 584",42033,
978,03341057F6F4,"Almohada viscoelástica 220",28580,
979,993A39D35378,"Medias térmicas 271",143805,
980,9319E609A653,"Microondas digital 976",10675,
981,FAB25A73DFF7,"Almohada viscoelástica 583",53431,
982,5C4E8955378E,"Smartwatch 912",28265,
983,2A0720D7D8AE,"Vestido floral 453",18463,
984,3531FECC7858,"Gorra de béisbol 777",140165,
985,1072C716A0A1,"Escritorio plegable 419",69787,
986,DF74F4E84F82,"Crema hidratante 980",33397,
987,E1AF8EE9DEB5,"Pantalón slim 725",117552,
988,3BCF832374E9,"Almohada viscoelástica 532",47385,
989,E281518043AE,"Estante flotante 354",14813,
990,2C426390B808,"Toallas premium 532",119239,
991,24A896D56615,"Crema hidratante 890",49686,
992,54C34B6BE358,"Vestido floral 911",74016,
993,DF586839C0BF,"Licuadora potente 850",59832,
994,6B34E63A93B1,"Escritorio plegable 111",41025,
995,74CF9A58DF55,"Pantalón slim 596",142834,
996,980DDF16A559,"Aire acondicionado 221",109235,
997,ABD5B60534C3,"Camisa Oxford 352",4925,
998,DDE442039154,"Perfume importado 400",51968,
999,8E4221770539,"Blazer casual 829",148642,
1000,9EBD4D9A247D,"Parlante portátil 192",73897,
1001,D806B75D0172,"Parlante portátil 347",126073,
1002,57E93E94A59B,"Monitor Full HD 478",99570,
1003,7C0385A76400,"Camisa Oxford 128",54144,
1004,1826C62FC40C,"Almohada viscoelástica 892",48781,
1005,7A03DBDC8900,"Toallas premium 561",82926,
1006,08185D006D87,"Estante flotante 870",79861,
1007,35C8B7167218,"Perfume importado 999",104020,
1008,534F3DCA617F,"Estante flotante 631",20943,
1009,EB329EB55375,"Colchón memory foam 539",15533,
1010,7064B531816F,"Aspiradora robot 526",2020,
1011,F62179C6CDE6,"Colchón memory foam 510",125255,
1012,9F23A400EDAC,"Mouse inalámbrico 134",22554,
1013,41EE3AEEABCA,"Plancha de vapor 202",30497,
1014,1ED95C41F98C,"Camisa Oxford 167",76858,
1015,B6151E402CBA,"Buzo con capucha 502",42055,
1016,EE92DC1DE4DF,"Perfume importado 565",91563,
1017,0244DDB18EF7,"Buzo con capucha 243",31881,
1018,3159B3DF93CF,"Smart TV 55"" 983",139503,
1019,AF516F61419A,"Mouse inalámbrico 804",122454,
1020,33954AB93335,"Jean elastizado 435",66984,
1021,25A3DCABDDDA,"Power Bank 20000mAh 223",58778,
1022,E4B3C5757695,"Buzo con capucha 824",93472,
1023,5131A3234326,"Lavarropas automático 570",110717,
1024,16EA5A233A34,"Campera de abrigo 900",118716,
1025,81185BEC6F43,"Bufanda de lana 465",99774,
1026,F03BD7E1EECB,"Mochila urbana 245",60505,
1027,58D0D484A894,"Power Bank 20000mAh 548",114533,
1028,F2BC96B898D0,"Plancha de vapor 344",129711,
1029,1787CB4DE4C6,"Power Bank 20000mAh 125",85526,
1030,B0F55EBE4C2A,"Perfume importado 923",31106,
1031,B339D32CABF1,"Cafetera automática 158",35772,
1032,45C54303D280,"Bufanda de lana 273",10928,
1033,B3E3569DAB8E,"Creatina monohidrato 625",44429,
1034,F87E80AD7988,"Gorra de béisbol 168",9274,
1035,1CAE665BC990,"Juego de sábanas 503",131134,
1036,7C86730F0551,"Camisa Oxford 345",61819,
1037,AC8FCDB80627,"Crema hidratante 647",99310,
1038,019C3C6F5935,"Mochila urbana 400",41368,
1039,5E1D4C1FC4A7,"Remera básica 138",19367,
1040,2DE9BB236F36,"Cámara digital 574",50421,
1041,717C822D1421,"Cinturón de cuero 970",143951,
1042,C5DDEEAB43F2,"Cafetera automática 900",47639,
1043,658706D9BD33,"Monitor Full HD 110",102187,
1044,2D132070B8F9,"Shampoo natural 563",98575,
1045,93DED321538D,"Parlante portátil 853",23176,
1046,2B1968751C3B,"Tablet 10"" 870",115172,
1047,05622661DC63,"Remera básica 616",56167,
1048,74162021013F,"Plancha de vapor 653",53836,
1049,660556806260,"Gorra de béisbol 739",101391,
1050,D0434C0B5EF0,"Guantes de invierno 256",108613,
1051,90791E032286,"Blazer casual 934",146890,
1052,28A765C8ED30,"Plancha de vapor 645",125985,
1053,AF4595C5EE1F,"Plancha de vapor 971",118126,
1054,504C6DB0EB47,"Gorra de béisbol 498",82836,
1055,10FD8E1E6568,"Proteína whey 569",142025,
1056,BF69D1B19379,"Cinturón de cuero 732",62275,
1057,E8CA45BB2BCD,"Mouse inalámbrico 293",98411,
1058,122C0C08B653,"Remera básica 939",32710,
1059,90EA58181B97,"Laptop 15"" 342",39047,
1060,6E9648385D86,"Mancuernas ajustables 740",49639,
1061,74F9D5597886,"Lámpara LED 206",132800,
1062,6D61C27A247E,"Toallas premium 934",144485,
1063,65250A1B466F,"Estante flotante 484",75357,
1064,345A02C43377,"Mancuernas ajustables 489",1623,
1065,0337229A3837,"Buzo con capucha 495",87483,
1066,6D97FA841A5F,"Tablet 10"" 223",68365,
1067,96A2A49C3527,"Cinturón de cuero 844",134485,
1068,D430B041E26D,"Blazer casual 742",75138,
1069,BCA9F21D0C78,"Short deportivo 617",58340,
1070,67B76CCCB6C0,"Jean elastizado 425",35764,
1071,27CA72E727CF,"Crema hidratante 403",89506,
1072,C8B118843011,"Camisa Oxford 757",83001,
1073,1C595086E021,"Smart TV 55"" 936",21674,
1074,422D40D27987,"Short deportivo 368",148405,
1075,F1EEB4F66264,"Creatina monohidrato 368",88600,
1076,433D212F3449,"Escritorio plegable 316",80302,
1077,B79C6AED3973,"Lámpara LED 710",18195,
1078,8065E371314E,"Auriculares Bluetooth 660",94437,
1079,57938C315502,"Aire acondicionado 782",59413,
1080,E8492952F7C2,"Almohada viscoelástica 811",92729,
1081,AB7652BD54C0,"Tablet 10"" 833",52921,
1082,1574B6B5B893,"Licuadora potente 863",6467,
1083,86A94A5A2B9D,"Colchón memory foam 819",99788,
1084,166DD5C7A327,"Power Bank 20000mAh 392",119603,
1085,F06D40FF2B83,"Celular Android 345",112731,
1086,538886FF8E50,"Kit de maquillaje 151",145352,
1087,C52B49589A6B,"Licuadora potente 695",23543,
1088,3EB6C5617904,"Licuadora potente 230",81415,
1089,C3D5E2E521E0,"Colchón memory foam 514",121080,
1090,FCFE2625F986,"Celular Android 721",63966,
1091,77CD0A4EE47C,"Creatina monohidrato 624",102423,
1092,81B4E9A67A88,"Silla gamer 670",16620,
1093,1D5042E918A0,"Vestido floral 679",33169,
1094,4049A375BDB9,"Buzo con capucha 270",1656,
1095,32AC78BFCA24,"Perfume importado 728",69882,
1096,00B2C0FF3814,"Bicicleta estática 752",128869,
1097,A7EBE49F9ECE,"Lavarropas automático 305",133237,
1098,040F58377054,"Juego de sábanas 385",50809,
1099,4141FF983004,"Cinturón de cuero 891",56548,
1100,349A69CBBABA,"Heladera No Frost 253",33496,
1101,7201227752A8,"Shampoo natural 832",101597,
1102,7D5D6129C440,"Estante flotante 193",14446,
1103,B7FAC7BE66B9,"Blazer casual 332",75026,
1104,EF2711391CD5,"Licuadora potente 206",138587,
1105,8A9F6D833865,"Estante flotante 316",2535,
1106,1143C6860635,"Aspiradora robot 313",67845,
1107,C7DD9686503E,"Microondas digital 399",14147,
1108,D031940F236F,"Monitor Full HD 896",56639,
1109,E073E05334ED,"Zapatillas urbanas 197",135190,
1110,9ED8F1773190,"Teclado mecánico 417",81838,
1111,3A9A1471B12E,"Camisa Oxford 189",120340,
1112,A7861EC2264B,"Cafetera automática 887",93818,
1113,322786D59925,"Microondas digital 950",72868,
1114,CB044B0E76BE,"Estante flotante 630",125475,
1115,11CACB36F113,"Colchón memory foam 709",146227,
1116,7EA95B56FC9F,"Aspiradora robot 448",86052,
1117,FCFC888C0EE6,"Creatina monohidrato 484",8575,
1118,2D2959C065C0,"Smart TV 55"" 641",97798,
1119,A81F75B3777B,"Cinturón de cuero 573",3483,
1120,DBE24A7D8EB0,"Perfume importado 362",50068,
1121,8A9192874F7D,"Cámara digital 618",48383,
1122,5584EBC59091,"Power Bank 20000mAh 563",127333,
1123,821131A1FD14,"Mochila urbana 405",147697,
1124,5955ECBA5102,"Kit de maquillaje 699",86691,
1125,496D7009C7D3,"Bufanda de lana 599",137002,
1126,A7D37472D8AA,"Blazer casual 783",111562,
1127,34AB9C351848,"Aspiradora robot 868",68707,
1128,CC1E190ED735,"Mouse inalámbrico 408",14729,
1129,DDC75268C5D5,"Smart TV 55"" 976",101622,
1130,331BF0610E1A,"Monitor Full HD 618",63123,
1131,DFEA7DFC21F0,"Cámara digital 649",36056,
1132,05ADF0D4CF2E,"Cafetera automática 223",19077,
1133,47FCDB1D59CF,"Remera básica 446",50188,
1134,46B15E9902D4,"Shampoo natural 600",25879,
1135,1D032946C384,"Celular Android 477",6208,
1136,40A044D3C36F,"Pantalón slim 347",29416,
1137,49A5D2E0FFBA,"Cámara digital 748",25519,
1138,1E439D2FD640,"Cámara digital 939",62254,
1139,B122D98D2C7D,"Mancuernas ajustables 550",19371,
1140,2346C99C34EA,"Smart TV 55"" 435",47439,
1141,FCF0C6178547,"Toallas premium 509",6958,
1142,16B2EAEB9375,"Mancuernas ajustables 228",81219,
1143,C5E03C48C16B,"Estante flotante 782",114530,
1144,BADB98480659,"Camisa Oxford 233",46510,
1145,6C7D70B2A6F2,"Smartwatch 469",103494,
1146,31FCC53A25D0,"Tablet 10"" 314",124113,
1147,1B1C8880280E,"Mouse inalámbrico 139",1763,
1148,C563C0CE2153,"Escritorio plegable 987",68195,
1149,FB29AEC50A67,"Cámara digital 759",144528,
1150,FBA78D4D432C,"Shampoo natural 788",10697,
1151,0D44312A4922,"Mochila urbana 938",134635,
1152,36DEE7179DBA,"Juego de sábanas 389",88184,
1153,758481864C22,"Bufanda de lana 384",66891,
1154,73C81A4DED78,"Mouse inalámbrico 452",144966,
1155,3F393D3CC5C9,"Proteína whey 285",51281,
1156,A6382115C6A9,"Tablet 10"" 767",19730,
1157,582EC8D37936,"Crema hidratante 251",9622,
1158,08A437DFCBA8,"Heladera No Frost 829",132668,
1159,ED9FF0D25448,"Cinturón de cuero 506",127877,
1160,EF4652527921,"Jean elastizado 129",35974,
1161,EC2ABBF41AA2,"Tablet 10"" 225",5925,
1162,18D0660C3004,"Licuadora potente 873",83707,
1163,1752DCA8E531,"Licuadora potente 449",143009,
1164,0F6840B885AC,"Shampoo natural 278",12096,
1165,4E394488690F,"Bufanda de lana 556",28188,
1166,E7DF1DDA5414,"Jean elastizado 631",45294,
1167,0E7B078C6075,"Proteína whey 461",146608,
1168,3AACF5CDCAEE,"Almohada viscoelástica 539",74496,
1169,D62DC510E007,"Camisa Oxford 441",133696,
1170,5BEA31EEB974,"Parlante portátil 868",146834,
1171,360B9062EB36,"Camisa Oxford 305",138722,
1172,4682CC228311,"Teclado mecánico 170",89605,
1173,CFD916855911,"Cinturón de cuero 509",77068,
1174,C6850322DB86,"Monitor Full HD 990",112198,
1175,ED035C3B2640,"Heladera No Frost 239",75333,
1176,A33D6B6D9C87,"Vestido floral 831",1453,
1177,F2681852BA8D,"Estante flotante 344",21899,
1178,4A059C55347D,"Teclado mecánico 869",118641,
1179,F6B4DBC28A87,"Escritorio plegable 666",69203,
1180,279F2E36FB3C,"Guantes de invierno 295",76899,
1181,334719EE1062,"Jean elastizado 717",6801,
1182,B2BE420BCC87,"Silla gamer 743",82157,
1183,D494B6CF6567,"Jean elastizado 423",103994,
1184,19FD058BB10C,"Laptop 15"" 856",21142,
1185,45474DA67AC3,"Blazer casual 793",21179,
1186,119CAB878A86,"Juego de sábanas 428",95120,
1187,5A0223C8F05F,"Lavarropas automático 375",15244,
1188,437FBF5A5350,"Gorra de béisbol 942",60647,
1189,7A99B7129841,"Crema hidratante 566",51275,
1190,AB93ECA28D7A,"Almohada viscoelástica 814",148106,
1191,9E112310F3C6,"Jean elastizado 131",4548,
1192,7498F1A7A5E0,"Bicicleta estática 899",130235,
1193,2869094DFBC5,"Lavarropas automático 478",104235,
1194,752F1E6C184D,"Parlante portátil 446",30511,
1195,DDE2C65044E0,"Heladera No Frost 382",30763,
1196,ABAA3E62CD48,"Remera básica 387",114219,
1197,506A367DF39C,"Aspiradora robot 223",106760,
1198,26098DC1B4F1,"Power Bank 20000mAh 679",113338,
1199,61D72CD7AA9D,"Teclado mecánico 787",98369,
1200,FAB7976EEE30,"Auriculares Bluetooth 112",10071,
1201,93CFE5594AF5,"Shampoo natural 242",66056,
1202,F992CC86FC2E,"Blazer casual 374",20628,
1203,8741FDD7999C,"Auriculares Bluetooth 969",79529,
1204,01C82FE7373B,"Remera básica 344",49640,
1205,8A4C12758222,"Kit de maquillaje 373",11501,
1206,89EAFA206B95,"Short deportivo 648",54883,
1207,6C6E7BD5D198,"Estante flotante 667",83905,
1208,DE94876BD1EB,"Licuadora potente 918",103902,
1209,10030A969B18,"Mancuernas ajustables 783",100359,
1210,90261BE79425,"Crema hidratante 811",78067,
1211,1BEDF3CC993A,"Lavarropas automático 319",89310,
1212,AE2AE3B32D9C,"Blazer casual 757",20319,
1213,BDBEC3ED3D69,"Crema hidratante 958",95408,
1214,9C83996D7EA7,"Smart TV 55"" 677",28723,
1215,8D88318BF36D,"Bicicleta estática 847",41540,
1216,CCC99ECF2CA4,"Lámpara LED 425",144022,
1217,CE0558BF40FC,"Aire acondicionado 590",14007,
1218,FF25A35CC6F5,"Cinturón de cuero 366",61500,
1219,2F98AECB30CC,"Cafetera automática 491",117989,
1220,4C2A8C5CC822,"Bufanda de lana 514",84325,
1221,09569B2E0961,"Pantalón slim 155",132637,
1222,C020B4463B68,"Aire acondicionado 279",31209,
1223,3772372956EE,"Juego de sábanas 229",69533,
1224,8F92A78FC46D,"Campera de abrigo 264",79899,
1225,C85DCFA5AAB8,"Licuadora potente 134",34730,
1226,A4C0D8EF4CA7,"Estante flotante 236",88949,
1227,6A3C96852D92,"Pantalón slim 287",35453,
1228,807B3A588B4C,"Aire acondicionado 835",87231,
1229,32BAE04AC61C,"Bufanda de lana 496",117463,
1230,0E1CDFFAE4C9,"Guantes de invierno 831",2666,
1231,7F4F6E6773F4,"Guantes de invierno 430",58300,
1232,03FC1F0A5620,"Aspiradora robot 504",135835,
1233,CCCAB202B365,"Campera de abrigo 390",97894,
1234,CE352242FDA2,"Lámpara LED 974",19548,
1235,76A2D1ECBB66,"Smartwatch 993",148321,
1236,96B42DA13B34,"Proteína whey 664",130562,
1237,DB4E681F649E,"Aspiradora robot 576",37666,
1238,B06879F3C7F3,"Kit de maquillaje 428",129139,
1239,A233613ABCFC,"Aire acondicionado 952",15218,
1240,DD41351C5AAB,"Colchón memory foam 774",59915,
1241,075ABA78C413,"Shampoo natural 911",38522,
1242,D5ED0B53043B,"Almohada viscoelástica 195",32955,
1243,F84B9940C2A3,"Perfume importado 595",96736,
1244,F24C042FB360,"Tablet 10"" 789",84787,
1245,442EF2D6AA9E,"Plancha de vapor 855",5304,
1246,826FF68A6EED,"Kit de maquillaje 175",127890,
1247,D27B5012F2D6,"Short deportivo 435",149817,
1248,81CE9CF0214E,"Juego de sábanas 435",72238,
1249,A604FD088D37,"Medias térmicas 711",118588,
1250,4F7FF8089235,"Aspiradora robot 743",80983,
1251,E2D81CFB2A54,"Creatina monohidrato 903",102639,
1252,F114020D6117,"Lavarropas automático 245",128105,
1253,E0BD25650710,"Almohada viscoelástica 132",24953,
1254,39F81830EC19,"Laptop 15"" 332",56176,
1255,4D8DDB1814E0,"Toallas premium 986",116820,
1256,F850DD2B8C16,"Mochila urbana 659",117356,
1257,A4E088272FE3,"Heladera No Frost 249",99690,
1258,C8781DE101DC,"Kit de maquillaje 672",73410,
1259,33A8EDDA8A3A,"Guantes de invierno 926",77853,
1260,3BA3DD87B962,"Aire acondicionado 264",86532,
1261,1501CFAC13A1,"Aspiradora robot 456",36242,
1262,6CB410B2AB14,"Monitor Full HD 687",7412,
1263,E78C2ACD7985,"Colchón memory foam 628",140148,
1264,2B3F02872AD0,"Smartwatch 563",108268,
1265,FCF37C384A46,"Perfume importado 375",47295,
1266,00D3DF4E9B02,"Parlante portátil 298",7870,
1267,BE535B7C8B06,"Remera básica 208",103910,
1268,648030464FED,"Gorra de béisbol 433",17396,
1269,8EF582DDBB5F,"Tablet 10"" 870",16333,
1270,9074B084B34A,"Gorra de béisbol 561",80518,
1271,E20AFE68AAFC,"Blazer casual 397",65623,
1272,D7DB68E35B3C,"Monitor Full HD 844",95249,
1273,772613619135,"Heladera No Frost 478",97640,
1274,212FCAA9CE6E,"Guantes de invierno 724",28995,
1275,9A07E0013833,"Plancha de vapor 619",125923,
1276,673EECC6D4C6,"Zapatillas urbanas 855",23003,
1277,2ABBD0C7D98C,"Aire acondicionado 440",118463,
1278,972E5C702E22,"Estante flotante 786",146336,
1279,A3A2127B4A1A,"Bufanda de lana 622",105285,
1280,04846FD9C86E,"Shampoo natural 813",116296,
1281,798CB7BC32E7,"Mochila urbana 846",48490,
1282,4D217F2B1EBF,"Jean elastizado 737",59475,
1283,E05F724E78CA,"Mancuernas ajustables 320",74848,
1284,552E9358B3B2,"Auriculares Bluetooth 298",83019,
1285,C69A73F9CB4C,"Teclado mecánico 359",71490,
1286,9E405331E626,"Escritorio plegable 256",112249,
1287,44940F498AE9,"Mancuernas ajustables 232",82662,
1288,3457F0962F2E,"Guantes de invierno 519",18092,
1289,707D1B3DBEEC,"Laptop 15"" 872",68308,
1290,2863A27CF371,"Mancuernas ajustables 104",58865,
1291,80658539E107,"Tablet 10"" 173",55075,
1292,180D6974BD1C,"Tablet 10"" 906",146119,
1293,3B2F1D474FEE,"Jean elastizado 267",45933,
1294,78FEB32A52C5,"Colchón memory foam 651",128169,
1295,900947DE5F77,"Juego de sábanas 952",110851,
1296,9F695E3634A6,"Perfume importado 499",85625,
1297,7532B9C9CF19,"Monitor Full HD 705",64465,
1298,AAF02C10AB9A,"Kit de maquillaje 554",61396,
1299,FFBB1ED09CD9,"Shampoo natural 758",98268,
1300,7A5A90EB5092,"Auriculares Bluetooth 782",139354,
1301,772DCA36934E,"Auriculares Bluetooth 841",4748,
1302,669A1F6720A8,"Bicicleta estática 215",109600,
1303,CDB71D9E565F,"Perfume importado 542",126009,
1304,017D441DCDFB,"Heladera No Frost 356",119590,
1305,CE08936108ED,"Smart TV 55"" 367",85050,
1306,50C5354B58AA,"Estante flotante 266",125209,
1307,8CFD086D4D07,"Teclado mecánico 715",91247,
1308,A6FA123F9599,"Colchón memory foam 195",33452,
1309,E087AA20C6A4,"Bicicleta estática 648",70076,
1310,7E9C57378F2A,"Jean elastizado 227",39304,
1311,28E7F5842137,"Campera de abrigo 402",33713,
1312,384DE98B7172,"Mochila urbana 551",83314,
1313,3434FE9412A4,"Campera de abrigo 411",124358,
1314,8DEB7C7253C3,"Aspiradora robot 478",10840,
1315,23030A18551A,"Laptop 15"" 110",140147,
1316,056BC705A5A2,"Smart TV 55"" 239",51908,
1317,F9507F18B785,"Celular Android 918",8359,
1318,B8CF3FA2ABB2,"Crema hidratante 176",53438,
1319,58CA4B21F85C,"Short deportivo 557",38160,
1320,492898ECDBEC,"Proteína whey 795",24308,
1321,1B4C6B4DDD1D,"Escritorio plegable 672",103053,
1322,C39D7B1E8F38,"Creatina monohidrato 711",24651,
1323,2C8FC735835B,"Campera de abrigo 777",77253,
1324,C3C78976820C,"Estante flotante 941",122567,
1325,4F345C86D553,"Camisa Oxford 795",21940,
1326,FF7D96F945DB,"Licuadora potente 107",49114,
1327,310F7F125C6A,"Short deportivo 424",3605,
1328,DA8D1C330884,"Escritorio plegable 365",141179,
1329,DAAA6A1F657D,"Monitor Full HD 454",1641,
1330,31ACED63075A,"Campera de abrigo 826",93082,
1331,B56D3B636E8D,"Auriculares Bluetooth 196",17972,
1332,7AAE8C0CCC1E,"Bicicleta estática 928",67775,
1333,BB8A722E6076,"Aspiradora robot 519",4949,
1334,3B11B9F7DB1F,"Mochila urbana 822",99595,
1335,951CAAB55F5B,"Tablet 10"" 106",52606,
1336,BC45AB61B4B0,"Proteína whey 339",63620,
1337,DDC0764E9390,"Remera básica 584",125320,
1338,B9357A5CFA46,"Power Bank 20000mAh 320",119171,
1339,AA20B8EA5A7C,"Colchón memory foam 399",13020,
1340,6F51DC10F42E,"Cámara digital 424",44268,
1341,CBD318397BF0,"Zapatillas urbanas 507",81873,
1342,2EB0FBB44B4A,"Celular Android 507",22454,
1343,05EF854E22F3,"Mancuernas ajustables 394",5469,
1344,A79F07A82991,"Heladera No Frost 134",70888,
1345,850650163CDB,"Cinturón de cuero 560",136091,
1346,296EF5AC53E9,"Power Bank 20000mAh 626",25579,
1347,6B7FC67A9C3E,"Almohada viscoelástica 359",4064,
1348,C5B148A2E80D,"Toallas premium 200",62772,
1349,48D7CD1C33B8,"Auriculares Bluetooth 943",23289,
1350,87A4F6E5264E,"Crema hidratante 443",18180,
1351,15396A298D73,"Mochila urbana 644",35345,
1352,2F1619362C4E,"Blazer casual 110",54215,
1353,EC1CEB7A8642,"Guantes de invierno 852",90871,
1354,8F25F9EAA370,"Jean elastizado 826",93828,
1355,3894F8EE7FDC,"Toallas premium 668",147322,
1356,0326D2F8CDA5,"Guantes de invierno 703",138095,
1357,AED2866207E7,"Proteína whey 632",134847,
1358,859C7F3F7BC2,"Kit de maquillaje 539",42546,
1359,B684BEDAA097,"Vestido floral 906",11818,
1360,D76F8CC4A8A5,"Cinturón de cuero 759",80550,
1361,CCFE6B5252A4,"Zapatillas urbanas 935",143784,
1362,1DCD319C7CCB,"Auriculares Bluetooth 277",126577,
1363,28BDD28A4381,"Aire acondicionado 684",12982,
1364,FE7CDA86710C,"Power Bank 20000mAh 776",99317,
1365,88DD70B20AED,"Kit de maquillaje 973",67615,
1366,646F3D280B69,"Mochila urbana 802",77113,
1367,4AED81B335F9,"Lámpara LED 999",23130,
1368,3DAF0C30F4D6,"Monitor Full HD 943",50766,
1369,329FF670E19C,"Cafetera automática 121",18687,
1370,4DEF5694EA62,"Gorra de béisbol 471",19036,
1371,FBB69409F4C9,"Colchón memory foam 448",29343,
1372,C3E617F80FEA,"Campera de abrigo 640",140162,
1373,FF732C3997D3,"Mochila urbana 880",69837,
1374,B9790AECE6AC,"Aspiradora robot 587",87928,
1375,39017CF3B513,"Cafetera automática 279",128438,
1376,B992A83B3B4B,"Cámara digital 620",88360,
1377,03BB7F1FBBE6,"Aspiradora robot 858",138995,
1378,E461F4FEC67C,"Smartwatch 111",65455,
1379,FD27CB559C6F,"Pantalón slim 554",95193,
1380,B392AD759FD1,"Mancuernas ajustables 833",109915,
1381,B5665EF88717,"Celular Android 373",46072,
1382,B22FB918AF72,"Camisa Oxford 399",15767,
1383,471203397D44,"Power Bank 20000mAh 652",120941,
1384,3437A7C4413B,"Smart TV 55"" 335",117277,
1385,49B0A9014802,"Medias térmicas 594",128659,
1386,442728045509,"Plancha de vapor 593",54049,
1387,FD9483B42D43,"Buzo con capucha 221",87498,
1388,3F1950A01CFD,"Parlante portátil 170",113810,
1389,144522474057,"Auriculares Bluetooth 667",124941,
1390,04CAA95D3A10,"Parlante portátil 281",129465,
1391,B892D436B994,"Pantalón slim 276",45171,
1392,6D47BDDCD3F0,"Juego de sábanas 398",64431,
1393,864EB4FF4C97,"Power Bank 20000mAh 946",56261,
1394,F94AF5EB81D0,"Auriculares Bluetooth 912",2158,
1395,C789EBCA8D10,"Short deportivo 839",57529,
1396,3CE4B408650C,"Mochila urbana 765",66809,
1397,1186C800031C,"Auriculares Bluetooth 441",108496,
1398,D8AA2E006671,"Bufanda de lana 779",95926,
1399,C9EE9A211E94,"Lámpara LED 169",20194,
1400,7D072B0AFF4D,"Kit de maquillaje 765",33731,
1401,BA16E83B6202,"Campera de abrigo 410",6382,
1402,A7359A0ED239,"Short deportivo 745",6309,
1403,AC01DDE6EF77,"Auriculares Bluetooth 320",31469,
1404,6D7370DDCA25,"Guantes de invierno 412",13365,
1405,82306BA1177E,"Toallas premium 740",82105,
1406,61CDF52FDFB1,"Colchón memory foam 279",116489,
1407,EB7F77867F84,"Proteína whey 974",94791,
1408,2D17EAA1DF26,"Celular Android 354",7046,
1409,8FA10C72A72B,"Kit de maquillaje 321",142792,
1410,61AC8681B560,"Jean elastizado 315",92750,
1411,B16B91F77492,"Smart TV 55"" 874",80516,
1412,969DADE8BB5C,"Escritorio plegable 962",98741,
1413,33C209D44B5D,"Lavarropas automático 347",31862,
1414,83C04770A5D7,"Buzo con capucha 782",67565,
1415,165A4BC17F96,"Buzo con capucha 850",18781,
1416,4DD6700442B9,"Camisa Oxford 649",140953,
1417,9D4EDCEEAAC0,"Proteína whey 538",108815,
1418,A337D4643408,"Lavarropas automático 169",140348,
1419,32A01CDAB929,"Mancuernas ajustables 125",44121,
1420,AA0BCAAFF702,"Creatina monohidrato 748",39287,
1421,8BA012F4F4F8,"Cámara digital 686",130129,
1422,4F1BB2D10063,"Bicicleta estática 665",140863,
1423,8D8237DD8BD6,"Teclado mecánico 445",8957,
1424,52453BB384FC,"Pantalón slim 963",99384,
1425,B5F22F763E23,"Shampoo natural 416",12585,
1426,5675758C6CF7,"Laptop 15"" 255",129704,
1427,C208134064A4,"Zapatillas urbanas 549",51770,
1428,6ABAC30D72CB,"Licuadora potente 520",45291,
1429,FFF277ADECC4,"Gorra de béisbol 868",98148,
1430,ACAF95E1B899,"Teclado mecánico 539",76977,
1431,D1610D93BB05,"Toallas premium 865",85357,
1432,C4EC9D75A7A5,"Buzo con capucha 142",145431,
1433,54D410A7AA73,"Almohada viscoelástica 720",40255,
1434,9EDBE6CD1CAE,"Cámara digital 546",42666,
1435,B2413BF307CE,"Aire acondicionado 207",95180,
1436,0588B12E1B9E,"Camisa Oxford 821",21380,
1437,C7340199DE5B,"Crema hidratante 276",51974,
1438,11B875AC8C0A,"Celular Android 429",86453,
1439,B2DB2303EBBE,"Licuadora potente 353",60469,
1440,DFE64BE14140,"Toallas premium 680",110069,
1441,83B08A2A055C,"Teclado mecánico 262",45375,
1442,1B9D9D20DEEB,"Colchón memory foam 652",15862,
1443,9C77F107502D,"Jean elastizado 161",141391,
1444,B7E91219EDB8,"Bicicleta estática 803",19943,
1445,099418A3AE71,"Buzo con capucha 873",133702,
1446,EF944FC78EFF,"Cámara digital 306",62031,
1447,F08EFEEEBAEC,"Bufanda de lana 972",129670,
1448,648BA23B9D62,"Mancuernas ajustables 209",138310,
1449,1C19818F0B22,"Medias térmicas 546",71838,
1450,19E3D59B797D,"Toallas premium 322",13964,
1451,4D311DBA7868,"Celular Android 487",132528,
1452,8034D52C2951,"Tablet 10"" 782",141057,
1453,EA0AB52C3E40,"Crema hidratante 939",11858,
1454,3731C3780231,"Shampoo natural 214",130571,
1455,1F0364183E3A,"Mochila urbana 211",140947,
1456,154D697FFCF9,"Laptop 15"" 550",122963,
1457,2405FF38084E,"Pantalón slim 682",85812,
1458,B2DE5AE0C10F,"Tablet 10"" 660",13505,
1459,555E504FBCFD,"Kit de maquillaje 773",137903,
1460,00B2C9657CE5,"Escritorio plegable 918",64816,
1461,45F08962DCF3,"Monitor Full HD 108",69363,
1462,0EDDBAC20043,"Vestido floral 259",55608,
1463,A6B2C2D02361,"Laptop 15"" 298",115061,
1464,EB49A94DBF5B,"Short deportivo 185",132792,
1465,5A6D05B2CD23,"Short deportivo 543",121859,
1466,8969881E2779,"Power Bank 20000mAh 533",86987,
1467,7300E6D4D3BB,"Celular Android 836",61762,
1468,8A9C49299E74,"Smart TV 55"" 862",80842,
1469,56F52C08E933,"Aire acondicionado 463",17505,
1470,5C359D13B5E8,"Mochila urbana 841",143495,
1471,C10FFEFD01DE,"Smartwatch 579",120801,
1472,ABB2CA47A1D0,"Escritorio plegable 154",44457,
1473,576406268C51,"Tablet 10"" 356",71999,
1474,5901C944CBF4,"Lavarropas automático 885",22320,
1475,42C58012CBBA,"Smartwatch 708",86250,
1476,8844FF03E196,"Creatina monohidrato 794",56238,
1477,594D4557AD49,"Vestido floral 580",104908,
1478,CEBA21BC1190,"Blazer casual 726",58716,
1479,7198D8AD5EA2,"Perfume importado 969",15965,
1480,AAE32746CD53,"Colchón memory foam 962",127728,
1481,E9A988215956,"Vestido floral 388",108571,
1482,A5DB189E5F82,"Lavarropas automático 478",144249,
1483,1843D5B6A292,"Estante flotante 138",117104,
1484,6AB42528129E,"Guantes de invierno 281",135175,
1485,9FA15B6935C4,"Smartwatch 329",107990,
1486,840D04447D41,"Pantalón slim 114",104886,
1487,A3E1A323F258,"Shampoo natural 286",63119,
1488,5FF54567EFF6,"Mochila urbana 493",83147,
1489,ED89FF018E32,"Plancha de vapor 599",77278,
1490,158B91F3D8E9,"Microondas digital 553",84626,
1491,9D9A72414640,"Power Bank 20000mAh 186",64798,
1492,308CF679B8A0,"Campera de abrigo 842",23131,
1493,79937B9F179F,"Licuadora potente 236",136503,
1494,82457423932C,"Heladera No Frost 816",52972,
1495,E2CEABFD00BD,"Licuadora potente 293",4638,
1496,6CC57F6A4E86,"Buzo con capucha 918",68272,
1497,93204D2A4B52,"Parlante portátil 736",83721,
1498,FE754C14E4C4,"Smart TV 55"" 616",126298,
1499,9F6E29812955,"Silla gamer 840",24395,
1500,61DD4DB87C6D,"Pantalón slim 980",36730,
1501,7E62C7938F1F,"Auriculares Bluetooth 324",101611,
1502,50BEAE476BB3,"Aire acondicionado 587",102779,
1503,2957E290C849,"Toallas premium 969",127177,
1504,A782904709B0,"Monitor Full HD 584",55313,
1505,CD568BD45915,"Teclado mecánico 440",138944,
1506,3C1E07E5055F,"Cinturón de cuero 765",38038,
1507,06547B25DBDB,"Mouse inalámbrico 659",24638,
1508,28067CD9993E,"Aspiradora robot 324",11246,
1509,70B93BECE47F,"Crema hidratante 976",33667,
1510,FEB5710B469B,"Mancuernas ajustables 861",33160,
1511,01D5BA9BF8C9,"Bufanda de lana 161",120554,
1512,7555E84CC3AF,"Auriculares Bluetooth 157",149129,
1513,B6C07A524080,"Smartwatch 565",32294,
1515,78BAD91DDECE,"Gorra de béisbol 526",18737,
1516,4EA3716D042E,"Mochila urbana 334",149365,
1517,048FFC85F97F,"Cafetera automática 869",148024,
1518,12323441BF96,"Buzo con capucha 882",39691,
1519,E4A4E73A8794,"Teclado mecánico 672",14783,
1520,CD3D22B5E7DE,"Aspiradora robot 710",58811,
1521,785E02A26E46,"Toallas premium 531",108060,
1522,AE2EABC10665,"Mancuernas ajustables 923",8391,
1523,81FDB60F5137,"Perfume importado 218",94398,
1524,987F4BF2FF09,"Pantalón slim 742",112879,
1525,336CFF7D4931,"Lámpara LED 692",124258,
1526,5628C1778B86,"Licuadora potente 636",47663,
1527,34179BC8BE11,"Cámara digital 108",18150,
1528,867B6B04D67F,"Guantes de invierno 746",1589,
1529,393CDECFE81A,"Vestido floral 282",54169,
1530,254A7C22A1BD,"Estante flotante 755",143576,
1531,A4138929D7B8,"Campera de abrigo 573",141852,
1532,8CB7C538AC70,"Licuadora potente 131",120185,
1533,19A5462E0221,"Blazer casual 268",96579,
1534,767CB40B20F7,"Mouse inalámbrico 173",64132,
1535,B0FE60F693BB,"Celular Android 806",38004,
1536,3B6404BF8667,"Aire acondicionado 697",104417,
1537,981DE3D78D41,"Jean elastizado 812",71731,
1538,C0D4F4D254C7,"Gorra de béisbol 983",63240,
1539,6D63CA6E96E0,"Almohada viscoelástica 178",139554,
1540,91BA75E51BF5,"Creatina monohidrato 176",138210,
1541,C517C8E7B62F,"Colchón memory foam 386",94580,
1542,D92779D84B38,"Licuadora potente 621",129226,
1543,DD8F6A2A00D8,"Guantes de invierno 174",9841,
1544,98061BA4A1E9,"Heladera No Frost 389",42127,
1545,DC345EE17919,"Parlante portátil 158",74880,
1546,03DEA809D1AD,"Juego de sábanas 282",59297,
1547,CDD70BB1D981,"Tablet 10"" 632",131049,
1548,1A236E7A5681,"Colchón memory foam 501",89690,
1549,0A0068331041,"Kit de maquillaje 871",122796,
1550,93D083C639A6,"Almohada viscoelástica 874",68736,
